File Path,Original File Checksum,New File Checksum
data/spot/monthly/aggTrades/ETHBTC/ETHBTC-aggTrades-2018-01.zip,f01124704ff54d1bdb8aebea565344919a0b3f5a6bde7fbb66d9bdab585b0352  ETHBTC-aggTrades-2018-01.zip,38f7b87caded19fa78ffbda2ca8db78274a254cde61af7b3351237c05b855456  ETHBTC-aggTrades-2018-01.zip
data/spot/monthly/aggTrades/LTCBTC/LTCBTC-aggTrades-2017-12.zip,9d0fa847046d2005429c79d6c62d6e1d9dba767ee795236fe39caa1ebcddda9c  LTCBTC-aggTrades-2017-12.zip,054dfecc31a3ae68c179f6010a75ec0a036419ec8709b365e339f83623940945  LTCBTC-aggTrades-2017-12.zip
data/spot/monthly/aggTrades/LTCBTC/LTCBTC-aggTrades-2018-01.zip,14904865124b140198e79340e683409314597a1cf349ce153706a64983197eda  LTCBTC-aggTrades-2018-01.zip,550423cec067e6db4340604713fcd2536e9c99d020a56d044b76c9fcf29a90c0  LTCBTC-aggTrades-2018-01.zip
data/spot/monthly/aggTrades/BNBBTC/BNBBTC-aggTrades-2017-12.zip,4790a0e144e308dee6f881b9138acbf80e872a708e127fde5642c4a9fb1bca0a  BNBBTC-aggTrades-2017-12.zip,818af59d686135ebb9c248678a9cee4b77a7feb88e451d4efc7126a4cb191aae  BNBBTC-aggTrades-2017-12.zip
data/spot/monthly/aggTrades/BNBBTC/BNBBTC-aggTrades-2018-01.zip,d21e863f1f3a31b05bf33d0e9dd1f9059714a695b31820cf85c021117d14f79d  BNBBTC-aggTrades-2018-01.zip,109df4fd75c918bc1b1dc653c24dc3b76854b08e994d15b53e625509993f4323  BNBBTC-aggTrades-2018-01.zip
data/spot/monthly/aggTrades/NEOBTC/NEOBTC-aggTrades-2017-12.zip,8cd4e76dc7293a98fdd35e3fd5e186f9adf13a0147ac66ecf822c93b616e40fc  NEOBTC-aggTrades-2017-12.zip,7d0312ecd2f6462d0efedf70eb3048f98654200dad4aed70d1aee0378b99bafc  NEOBTC-aggTrades-2017-12.zip
data/spot/monthly/aggTrades/NEOBTC/NEOBTC-aggTrades-2018-01.zip,1f8f718541758a6c18b8d46675ed172bf502163685383112e14a674f3e7528db  NEOBTC-aggTrades-2018-01.zip,eef6e0fa7a676093ad540922f31fe966f8d1a63ca0a76ca0fd06600811cc106a  NEOBTC-aggTrades-2018-01.zip
data/spot/monthly/aggTrades/QTUMETH/QTUMETH-aggTrades-2018-01.zip,e6e68388f702ec9797b67b09e69e3690f62688a0d5461c8f31dd614a158068ca  QTUMETH-aggTrades-2018-01.zip,bb6e10d41e6810b158320544a80077113e9099128aa1bf4f2bdc883f3e99d375  QTUMETH-aggTrades-2018-01.zip
data/spot/monthly/aggTrades/EOSETH/EOSETH-aggTrades-2017-12.zip,ef86c8c99e09069e2fc6c095874a61a428b6cd232e15b98722e849dd2976ba68  EOSETH-aggTrades-2017-12.zip,373e5a01e53fde527bc258e491fa76b199a0881686dec5cb6a690953c6ddea10  EOSETH-aggTrades-2017-12.zip
data/spot/monthly/aggTrades/EOSETH/EOSETH-aggTrades-2018-01.zip,c660cf6e3d7c52d961186622a804d53d0446f040ff605155a72052840db8d9da  EOSETH-aggTrades-2018-01.zip,7fcb8f4987693b6a1fb27297623a20449814c0d0afa2bebe60214552c7f7305e  EOSETH-aggTrades-2018-01.zip
data/spot/monthly/aggTrades/SNTETH/SNTETH-aggTrades-2017-10.zip,5780123a27d8c972243efc0e7cd919fbe7f8f06cf47ff4f2c3fc98a801781263  SNTETH-aggTrades-2017-10.zip,26eac45e6d705a7fb7a14a6fda189dcce2c175898d229ede69b7903074c9b9fe  SNTETH-aggTrades-2017-10.zip
data/spot/monthly/aggTrades/SNTETH/SNTETH-aggTrades-2018-01.zip,b6bb3da6992d0aaddc9d1923f88bfce214d39c13b9655a05a3fb2c3f57597f28  SNTETH-aggTrades-2018-01.zip,433d18b1203f85d99daf14288e7e69362b54874e46ba9e271c375ce8b7c0e3ec  SNTETH-aggTrades-2018-01.zip
data/spot/monthly/aggTrades/BNTETH/BNTETH-aggTrades-2018-01.zip,ea3ad4f77fc78ff6a0b8e47d02d1c0bc470b072b5327707f10ab84918936d50f  BNTETH-aggTrades-2018-01.zip,8794342ee3a1bee1eff320db61c5094da337bcc311e75a0a2adbfe964d6dbd93  BNTETH-aggTrades-2018-01.zip
data/spot/monthly/aggTrades/BCCBTC/BCCBTC-aggTrades-2018-01.zip,2423fc0717fbd375a344e4c49dc395ba5e8c65c75ebab32225c0df0257546584  BCCBTC-aggTrades-2018-01.zip,a0764604abeff122f2ff639a0aa73f5a393041bd0eae1ddc975008c5ed570381  BCCBTC-aggTrades-2018-01.zip
data/spot/monthly/aggTrades/GASBTC/GASBTC-aggTrades-2018-01.zip,8e24b470cf91e6def9a8bc8a6b7d06b66ee0bc908f199fed57d2983b887e4a36  GASBTC-aggTrades-2018-01.zip,1a2fdb8de50d7830c256d84ea7da57de51d2b0f1f992a022c3b0da1427aab481  GASBTC-aggTrades-2018-01.zip
data/spot/monthly/aggTrades/BNBETH/BNBETH-aggTrades-2018-01.zip,be183f44575b3fae58b21499f75ff0e90c5b3ae653de3621d63bbf5a1488e91e  BNBETH-aggTrades-2018-01.zip,6a6cc0d904914e98f81f84430599e93f1abde81b13a0e3b8f5fc17f49f599df3  BNBETH-aggTrades-2018-01.zip
data/spot/monthly/aggTrades/BTCUSDT/BTCUSDT-aggTrades-2017-12.zip,fbd2d6c8781b55fe0eaba807db336c54b894db28d5c543e1bda0450703b2aa64  BTCUSDT-aggTrades-2017-12.zip,45261b647c70862edd60e788ce20f32d3b78d0753f9841ba3ca0e50afdbfbefe  BTCUSDT-aggTrades-2017-12.zip
data/spot/monthly/aggTrades/BTCUSDT/BTCUSDT-aggTrades-2018-01.zip,ae2e0b79d59c2857a9be97ff50cdd2cb8fa72383b44b8bd8c703efe253ba89e0  BTCUSDT-aggTrades-2018-01.zip,645f8f581a6e4828df12f16b73f9f7451f12bef2ab24d4fc4b0466805e793e7d  BTCUSDT-aggTrades-2018-01.zip
data/spot/monthly/aggTrades/ETHUSDT/ETHUSDT-aggTrades-2017-12.zip,bd55bb97850bd58cf75aa1dcc8472eb2079844a81824d9c80261259d3747edeb  ETHUSDT-aggTrades-2017-12.zip,1a0e6fe18cc749c030c76c5f5dd4d7d4afd027ed6443f8979bd762f022e4fc1e  ETHUSDT-aggTrades-2017-12.zip
data/spot/monthly/aggTrades/ETHUSDT/ETHUSDT-aggTrades-2018-01.zip,58014bc2ff8b8ceae9da3092ef838de66fb61711b9e965d3449a8474b423fccb  ETHUSDT-aggTrades-2018-01.zip,090f4661a2425982f421fd16d8636574b2c55c135c6145806d24795d3b7a31d9  ETHUSDT-aggTrades-2018-01.zip
data/spot/monthly/aggTrades/HSRBTC/HSRBTC-aggTrades-2017-12.zip,c049ca065769f190b9a6975a2400c9378b97eb76264a8fee42bd8347ff0de495  HSRBTC-aggTrades-2017-12.zip,703ae45ceafb9de746034ad972aa19f2f02167e532b6e0230dc11891eebbaa72  HSRBTC-aggTrades-2017-12.zip
data/spot/monthly/aggTrades/HSRBTC/HSRBTC-aggTrades-2018-01.zip,80d527b0a800a54b760befd47757e20436205dbc78f7aac7866d4798d18d1d24  HSRBTC-aggTrades-2018-01.zip,7b3b642a5217e28b460fcc92475d74dbf284827a56216aad4908c93010f60dd7  HSRBTC-aggTrades-2018-01.zip
data/spot/monthly/aggTrades/OAXETH/OAXETH-aggTrades-2017-12.zip,de2625289da334577f47495c1ffd6985b847d9b9fb115be43a7a29f75bca3453  OAXETH-aggTrades-2017-12.zip,5926919c4f8ed17a636528d056d07d5d958628e00a58c37ae334e520aa1942b7  OAXETH-aggTrades-2017-12.zip
data/spot/monthly/aggTrades/OAXETH/OAXETH-aggTrades-2018-01.zip,f9dc24f7e269e42fd4b28d5f5662034623e794d5239eba5d09274a1680edba7c  OAXETH-aggTrades-2018-01.zip,ca990835b8a8b7c8257f4fe1dee2bcb36d7c34349847eb53c1916278a2e386b6  OAXETH-aggTrades-2018-01.zip
data/spot/monthly/aggTrades/DNTETH/DNTETH-aggTrades-2018-01.zip,94448fcc677dc8250cae0ad6b226fa739c561b1fe72c2fdf9082252f6663655a  DNTETH-aggTrades-2018-01.zip,43fdf163bfe9f705bb34e9ef8b60b4a47450418e445f03006a83fbf3318c139a  DNTETH-aggTrades-2018-01.zip
data/spot/monthly/aggTrades/MCOETH/MCOETH-aggTrades-2018-01.zip,f1fad19069c584099ac153001bc733bfe019e91592967736fb363e50d68bc126  MCOETH-aggTrades-2018-01.zip,0847e85afa5a189989b30f2c0f3bcd92b9e56985204371eb98f73e84069b1ab4  MCOETH-aggTrades-2018-01.zip
data/spot/monthly/aggTrades/ICNETH/ICNETH-aggTrades-2018-01.zip,803f8ccd6345a4451a0bddba05a65e2e49195db8cd5197c0c401e8110a977bd8  ICNETH-aggTrades-2018-01.zip,290125f07bd6e310267c1ea66209d923508d217a8207476d53bd3c97e7ede0a2  ICNETH-aggTrades-2018-01.zip
data/spot/monthly/aggTrades/MCOBTC/MCOBTC-aggTrades-2018-01.zip,4d2436fce81700d350a67db7f0cfa41caaff1f2c83ac35d958741e3817460b3c  MCOBTC-aggTrades-2018-01.zip,391fa41c522f42875c2110f778cac5bf845b37b165cd09a72cd73b5dc60aaa99  MCOBTC-aggTrades-2018-01.zip
data/spot/monthly/aggTrades/WTCBTC/WTCBTC-aggTrades-2017-12.zip,106d29412da2b7a4f31e132ba6e9ea4f457fd8576b4ae5211fc4ed18e4fc9d96  WTCBTC-aggTrades-2017-12.zip,577fbd72e66f5dd6441415737aac0ec13d2ece1efa8304ef2677ae84e2cddd44  WTCBTC-aggTrades-2017-12.zip
data/spot/monthly/aggTrades/WTCBTC/WTCBTC-aggTrades-2018-01.zip,f1f474d7790340f53786a0543aa9a3ee3fc5334a4870d8bf2382f10a018189a7  WTCBTC-aggTrades-2018-01.zip,77fa33c39e0229fc8d9aff7d43520caf172b23e5421475b962794f35b857b3db  WTCBTC-aggTrades-2018-01.zip
data/spot/monthly/aggTrades/WTCETH/WTCETH-aggTrades-2018-01.zip,5e3a6f33401ef9edbbd8d61629de301f2d2e5adeb59754e774ada140658d47a5  WTCETH-aggTrades-2018-01.zip,3cebbe84b58d70b979e9a7339ddcb0361b8366961fd23a7cfe5dc12c5070feac  WTCETH-aggTrades-2018-01.zip
data/spot/monthly/aggTrades/LRCBTC/LRCBTC-aggTrades-2018-01.zip,9c05dc0ce558a7c7c56c680100d9198c8242b77010b0fdaa44e2a8b9dcf87d66  LRCBTC-aggTrades-2018-01.zip,9e33f509397bdae2763c2069adcac546c0b170289df929c46c092cd932e470ad  LRCBTC-aggTrades-2018-01.zip
data/spot/monthly/aggTrades/LRCETH/LRCETH-aggTrades-2018-01.zip,b7b3231c3cdf044eb6e18bc37eb799e9254c8ec457b0426c67f8ab162cc0983a  LRCETH-aggTrades-2018-01.zip,db8a1cc2dbb2a3447f7654ba1baa8845517a4c574e99b1885efda59d0699f1a4  LRCETH-aggTrades-2018-01.zip
data/spot/monthly/aggTrades/QTUMBTC/QTUMBTC-aggTrades-2018-01.zip,1388b3cf6341281e7cffd8dc59c83b36faa12b6e67eb86ae0d84883ea9de44c9  QTUMBTC-aggTrades-2018-01.zip,04cc7093dc322628dfc0edc56b7a336a4f89d8f474e093bc67a7707a21d2afee  QTUMBTC-aggTrades-2018-01.zip
data/spot/monthly/aggTrades/QTUMBTC/QTUMBTC-aggTrades-2018-02.zip,5e7d8e34fb9e1e49495d396af7d9583cbee9c43cfda0954c0a7c6256d104ddc9  QTUMBTC-aggTrades-2018-02.zip,26bbcb010ac953aea71f3401affdd4650403521007e8f5cb543d61b2d089464b  QTUMBTC-aggTrades-2018-02.zip
data/spot/monthly/aggTrades/QTUMBTC/QTUMBTC-aggTrades-2018-03.zip,dcf55eedf9ea7528db1f9fc8985b6475e2636adbe8d5548af74b375a9c1117ea  QTUMBTC-aggTrades-2018-03.zip,681f398b2ce52638edf0fa954ad8c4d62f6a9330f7158214909687c6052dee4a  QTUMBTC-aggTrades-2018-03.zip
data/spot/monthly/aggTrades/YOYOBTC/YOYOBTC-aggTrades-2018-01.zip,22b321c7deee627fc665c0a301f525195b68e564983de4d0c990d8fde5a1ac95  YOYOBTC-aggTrades-2018-01.zip,2f5e17c9a20690dc92b3871479a801bf96d7da036258b470f5ceec5bc3a35fcc  YOYOBTC-aggTrades-2018-01.zip
data/spot/monthly/aggTrades/OMGBTC/OMGBTC-aggTrades-2018-01.zip,d3388c4e12f6041a8f33c271c3aa68548d314fadea44fdaf6fdaab1de0731485  OMGBTC-aggTrades-2018-01.zip,346c09bbb1ed37e0f53e821c9e7154320cdbde3b021e6704f2a40d7631fae4ab  OMGBTC-aggTrades-2018-01.zip
data/spot/monthly/aggTrades/OMGETH/OMGETH-aggTrades-2018-01.zip,f69a15a51320f25d583d1e6df77c9c77e13489181aa6d03a03d7ef00dbc6f1ad  OMGETH-aggTrades-2018-01.zip,eb99735b417e9f94db3d741ea2761a808f789285ecc2bad856961a9c51b85adf  OMGETH-aggTrades-2018-01.zip
data/spot/monthly/aggTrades/ZRXBTC/ZRXBTC-aggTrades-2018-01.zip,a168acb919ab37ecfe5f76c17d76bc179cbccd4d4a9b08fe4948798cc556023c  ZRXBTC-aggTrades-2018-01.zip,8d3908afd652ac86f739573b29829d264a6d8654fad8a399abf2dd18b5ebb5ce  ZRXBTC-aggTrades-2018-01.zip
data/spot/monthly/aggTrades/ZRXETH/ZRXETH-aggTrades-2018-01.zip,697ef72f1feeb0f155361747ee5acad6fec2dc05a85c1f7c1900934a571f52c1  ZRXETH-aggTrades-2018-01.zip,a64b055b1be6242f6b7dfb538bdc921dee01c54686c998159c178604654be869  ZRXETH-aggTrades-2018-01.zip
data/spot/monthly/aggTrades/STRATBTC/STRATBTC-aggTrades-2018-01.zip,2f4279cbfad38be82fcdce36ddd1da6a86ad4236e6eb2147e640af5e138facd8  STRATBTC-aggTrades-2018-01.zip,8478405ada918fe688c6a55fb9a505b18e14327e423e3a2906558744f2094f79  STRATBTC-aggTrades-2018-01.zip
data/spot/monthly/aggTrades/STRATETH/STRATETH-aggTrades-2018-01.zip,49542eca43603bc889ec980f5a2bc376638963e90bdcad930ac63803c705f3ab  STRATETH-aggTrades-2018-01.zip,ae9fcb83464257ff265fa94e2d2d39d35bc81ecae2fe1cdddce3ba099490697d  STRATETH-aggTrades-2018-01.zip
data/spot/monthly/aggTrades/SNGLSBTC/SNGLSBTC-aggTrades-2018-01.zip,d46b278385db6a8580972a052898bf0aba46be0491f2bd3b02bb492508af9160  SNGLSBTC-aggTrades-2018-01.zip,d89aa250b35db750204b7855a6b2b78c65ee9aa41193c058e900eb555120987e  SNGLSBTC-aggTrades-2018-01.zip
data/spot/monthly/aggTrades/SNGLSETH/SNGLSETH-aggTrades-2018-01.zip,93bc071f190185af33ea9ecbd0f06fe4bc2aab59698ee1aa708e3e679524e6f4  SNGLSETH-aggTrades-2018-01.zip,ff34d8b75b6408cd8924cde2468a0b6f1ae091f96909f81b23c99b1a1014e49e  SNGLSETH-aggTrades-2018-01.zip
data/spot/monthly/aggTrades/BQXBTC/BQXBTC-aggTrades-2018-01.zip,fa5c1ce0cb2df6863d46203b92a0b40c9ac2384e27214ddbaac433ce38652325  BQXBTC-aggTrades-2018-01.zip,549784b2e799adec1eb942d270e57e43ba66282c95825475a4c58d520433b143  BQXBTC-aggTrades-2018-01.zip
data/spot/monthly/aggTrades/BQXETH/BQXETH-aggTrades-2018-01.zip,8c18da290ce79b97f28e30a26f981862c174344d057a176f3ad95ba9c12ee902  BQXETH-aggTrades-2018-01.zip,ee0979694370d6a1aed57ea2fd938718d195999008af115a827f82ee1d11e02d  BQXETH-aggTrades-2018-01.zip
data/spot/monthly/aggTrades/KNCBTC/KNCBTC-aggTrades-2018-01.zip,f9470f02fb038d8aeb4217eb3a50520778c52cb994eb6c37e45a0a3c92988e83  KNCBTC-aggTrades-2018-01.zip,ce7bdad57ba7dfb2ca852cabc02af5bb3941169876bf5978483e6ca5a882b7ca  KNCBTC-aggTrades-2018-01.zip
data/spot/monthly/aggTrades/KNCETH/KNCETH-aggTrades-2018-01.zip,2acc89c2447eeefe6f6d0172ee1929be53b28cf3dea2926bda75f75fe4974b87  KNCETH-aggTrades-2018-01.zip,a127b710ebdf5f985775a6bec85649ed4a9c57a936a78ddc5451dd6427ec7621  KNCETH-aggTrades-2018-01.zip
data/spot/monthly/aggTrades/FUNBTC/FUNBTC-aggTrades-2018-01.zip,b28655b38220a847ba80ffdcab6f47e8e1fd2ed1348720a6651ad52278f9b43c  FUNBTC-aggTrades-2018-01.zip,7a2ad01a0a60dca3b30f7799da9f53948c8791b282d4c6f8c35523b0e1e15ec1  FUNBTC-aggTrades-2018-01.zip
data/spot/monthly/aggTrades/FUNETH/FUNETH-aggTrades-2018-01.zip,a6bf7004ef9caacf11bbb5ad83bc3ade646ae0a68f1eda0f80fef1fc33c9270e  FUNETH-aggTrades-2018-01.zip,9d5c176273aa903bf0e53c59f6ce3dea9d235c32c65843659809083043c424a5  FUNETH-aggTrades-2018-01.zip
data/spot/monthly/aggTrades/SNMBTC/SNMBTC-aggTrades-2018-01.zip,ac9204b826ac65f5a11654760c358846d043a8c86e53d128a300a97c44cc6abc  SNMBTC-aggTrades-2018-01.zip,c63ce5d80987cc4a22be0740f52a99d95be751accf2165dc4f335b9455ac2d6e  SNMBTC-aggTrades-2018-01.zip
data/spot/monthly/aggTrades/SNMETH/SNMETH-aggTrades-2018-01.zip,b3a4037d6b03787fb84ee082f136680f1072fc617d4a459cad7114a9108aa64b  SNMETH-aggTrades-2018-01.zip,2668b033c152cd6c79fecb4df640aa41d09f6c511f9ba41f78a6730b8ad74893  SNMETH-aggTrades-2018-01.zip
data/spot/monthly/aggTrades/NEOETH/NEOETH-aggTrades-2018-01.zip,113e0568b5ab8944c3eb5835ac028f6b61c9e812157fdfdc2d58625c9d8dea0f  NEOETH-aggTrades-2018-01.zip,56adc7a4fbf267ab58ef9597bbb0c99b6ccaf5f0f35e47391d15a676a13d4fa5  NEOETH-aggTrades-2018-01.zip
data/spot/monthly/aggTrades/IOTABTC/IOTABTC-aggTrades-2017-12.zip,a5d241811f4d36ffdd2fd41911d71e8c448f926e80c991c1f12f83aee8ca6e26  IOTABTC-aggTrades-2017-12.zip,3d497286ab418da185c9b72aba5fe1a5a7eb39df1d4b1d250623cee8fbe38d23  IOTABTC-aggTrades-2017-12.zip
data/spot/monthly/aggTrades/IOTABTC/IOTABTC-aggTrades-2018-01.zip,986096011345eb358a57029b877d0fd710eb5399d3dd0ce48e86e3ff0cdee3e3  IOTABTC-aggTrades-2018-01.zip,2dadbb3c646316f280adc3e2a7e2ad3f9b23b761afbeb3e8b21e91be52175068  IOTABTC-aggTrades-2018-01.zip
data/spot/monthly/aggTrades/IOTAETH/IOTAETH-aggTrades-2017-12.zip,fc8bf5f43e7bc957c296d1fd7175bbbdd3904ae974543ba96a0f6249751dc646  IOTAETH-aggTrades-2017-12.zip,96ab20487e811c27b887d8c2adebd8c0428549989831320a30a2a9cc2335cfa5  IOTAETH-aggTrades-2017-12.zip
data/spot/monthly/aggTrades/IOTAETH/IOTAETH-aggTrades-2018-01.zip,ee5df430d027ae6a98381ed4fb09acfddfaad27d851113ac7ed385e10262dd6b  IOTAETH-aggTrades-2018-01.zip,48164e1fb32f9c30df0d2b35556836f3572c56b3e29b7c6f099f4e298d0964a4  IOTAETH-aggTrades-2018-01.zip
data/spot/monthly/aggTrades/LINKBTC/LINKBTC-aggTrades-2017-12.zip,6b3cfed7be0bcd307755a15b94d5848d5943551e793d019ee547ca5f4bbf5b5c  LINKBTC-aggTrades-2017-12.zip,6f427c8ae216cc2508536df9549fb6f53e90cb6ce84d76561a091a958539a7a5  LINKBTC-aggTrades-2017-12.zip
data/spot/monthly/aggTrades/LINKBTC/LINKBTC-aggTrades-2018-01.zip,d20f4056c98efb401612cb55e2013444144a75f0a60d5253c50b1a8ddbae9c23  LINKBTC-aggTrades-2018-01.zip,846f1b271f6f86245f40f8fd1ebffebdb2f882afec79744bd8c1a6a815872f89  LINKBTC-aggTrades-2018-01.zip
data/spot/monthly/aggTrades/LINKBTC/LINKBTC-aggTrades-2018-02.zip,f7a79aa501d34453b68a6e4df1c8734c08f397e05e7ab9f451734c33fce7aaea  LINKBTC-aggTrades-2018-02.zip,cd17bc2e874cb7e9f9a18e5601c79289515244dc74a1116b22900d1790a36ffb  LINKBTC-aggTrades-2018-02.zip
data/spot/monthly/aggTrades/LINKBTC/LINKBTC-aggTrades-2018-03.zip,306bf7a3d07ed9d031f4bbe41f19ff591b5de6bb054b902dbb04bc9830e901ab  LINKBTC-aggTrades-2018-03.zip,b22293d7e4ea4ac861d0fcca7aff20b35efea9fb9a9f473ff60317bd00212b2f  LINKBTC-aggTrades-2018-03.zip
data/spot/monthly/aggTrades/LINKETH/LINKETH-aggTrades-2018-01.zip,fde200f282b5e768a1b5ebcbaa8af13476029c77f8556004f2dc7947e8b8e1f1  LINKETH-aggTrades-2018-01.zip,560f76297345210a306e8a40a5c6b63d7dce6be555654457d631977c25f4ec6d  LINKETH-aggTrades-2018-01.zip
data/spot/monthly/aggTrades/XVGBTC/XVGBTC-aggTrades-2017-12.zip,d135b27c77ff2b6ed273322443d546c70061c668d927c59b3c2ce24d50edf682  XVGBTC-aggTrades-2017-12.zip,e23242cb91789ecf17a5bb23686e745eb8f9f45f5779d4eb3e43644d141fea6e  XVGBTC-aggTrades-2017-12.zip
data/spot/monthly/aggTrades/XVGBTC/XVGBTC-aggTrades-2018-01.zip,e875dddce5fe0ee950234fb357c078f8fab20e90a8a5897eeed8a4d50171e728  XVGBTC-aggTrades-2018-01.zip,77d205c9ecf3dac0fab7e2f89205a245d52aee30bc3dc9916ede011b64980517  XVGBTC-aggTrades-2018-01.zip
data/spot/monthly/aggTrades/XVGETH/XVGETH-aggTrades-2018-01.zip,f059cc1f50ce9a91130c005ff5e94a07aa2ecc1981eab09a859562b11b94c198  XVGETH-aggTrades-2018-01.zip,b94b82df0f426033fa3a30901dc9a4be4510cd27ba910bc8088c44fb193fa4b6  XVGETH-aggTrades-2018-01.zip
data/spot/monthly/aggTrades/SALTBTC/SALTBTC-aggTrades-2018-01.zip,1d9cc9ff26585483e178e35017ba891b298089058fb3214efb4ccd5bf1fc7737  SALTBTC-aggTrades-2018-01.zip,f775df10b812eb3ed99dd4b319074c4e55e6ece1e16d6adf7a23af0a07663192  SALTBTC-aggTrades-2018-01.zip
data/spot/monthly/aggTrades/SALTETH/SALTETH-aggTrades-2018-01.zip,b6c38cc27a2cbd1a56901151bb8fd3a072d98c37b23781b74275ba6265d28a9d  SALTETH-aggTrades-2018-01.zip,9281eb82601a250d1327b6146953ec65143ca5971a846a219da6b9a6bca02efa  SALTETH-aggTrades-2018-01.zip
data/spot/monthly/aggTrades/MDABTC/MDABTC-aggTrades-2018-01.zip,7e099cfec28966e4d42b12e47b158179bcf9eaa72dc34d146e1a53038c83aee0  MDABTC-aggTrades-2018-01.zip,f6395e669157ae93ba3ba4b23ac69efacc706057aa1f49ed102ae91eda49e84b  MDABTC-aggTrades-2018-01.zip
data/spot/monthly/aggTrades/MDABTC/MDABTC-aggTrades-2018-05.zip,48e243cae9ba6c86944120f0b221bb3e271dd3c660bee860e2ef6c44c3c944c6  MDABTC-aggTrades-2018-05.zip,459fe6d612f04e27239acab391a1055c6edae84996e82d213935a6c08cefccb5  MDABTC-aggTrades-2018-05.zip
data/spot/monthly/aggTrades/MDAETH/MDAETH-aggTrades-2018-01.zip,c343cca8695b57de49e6d8f629f424c9889c6fb42ce85ff1c8cdf6aad1eeb508  MDAETH-aggTrades-2018-01.zip,5b475c1d94d3c839a566950a3641f7d7e32e40e80fc0f66d84f66ac51af94ba3  MDAETH-aggTrades-2018-01.zip
data/spot/monthly/aggTrades/MTLBTC/MTLBTC-aggTrades-2017-12.zip,321acd35d3c6927e4f86084d89d477a425e0591ea041a10d93ad99eded326e4d  MTLBTC-aggTrades-2017-12.zip,e177aad00a6317b9184e69b55fc713adbd22a738cd1ff3158f04bfcbb1c9bfb7  MTLBTC-aggTrades-2017-12.zip
data/spot/monthly/aggTrades/MTLBTC/MTLBTC-aggTrades-2018-01.zip,a717d1b813e34b6401ff3df431331c4f6339e4e7691aba4553020a2c294eb3b8  MTLBTC-aggTrades-2018-01.zip,7700088f1244a4ba4c5869f1bc66bef9fc1672a073feb5c3f239cf614d1ec22c  MTLBTC-aggTrades-2018-01.zip
data/spot/monthly/aggTrades/MTLBTC/MTLBTC-aggTrades-2018-02.zip,03f3eee16e584e406eacdbc916db944a5ac5025fab1ce73c16480ca25cf16da9  MTLBTC-aggTrades-2018-02.zip,8b700200ddbec5d9a33f4f42117d45a4638ed9631d1f11b5e9153e87165ed128  MTLBTC-aggTrades-2018-02.zip
data/spot/monthly/aggTrades/MTLBTC/MTLBTC-aggTrades-2018-03.zip,8578a1cc1b50ce68123e2077b2b9864c0e3af16e6d24514de4b428b94e467ff9  MTLBTC-aggTrades-2018-03.zip,3c382b140ce1c2a1e3cfed78ed857efe44e9dfd5d8d1ddbd5bdc3928e173b2e3  MTLBTC-aggTrades-2018-03.zip
data/spot/monthly/aggTrades/MTLETH/MTLETH-aggTrades-2018-01.zip,9fa9ae5f7eaeb12205c7abe443ebf959e370188291532742705d7d7f8fd46f6c  MTLETH-aggTrades-2018-01.zip,b46f3f24aaa8d0cd921277c267513861bb07d46ca4ad987b59aee631fbf051a3  MTLETH-aggTrades-2018-01.zip
data/spot/monthly/aggTrades/SUBBTC/SUBBTC-aggTrades-2018-01.zip,602f6b2e9649cf7a0385bd7ae5099df4d8ba068b4b951271ebd6d83407f8a92d  SUBBTC-aggTrades-2018-01.zip,530aa401a3fd651bd6caaae000f00a46608dc73fac477530461e139e82ca43f8  SUBBTC-aggTrades-2018-01.zip
data/spot/monthly/aggTrades/SUBETH/SUBETH-aggTrades-2018-01.zip,3dd0b24ba0daf47b30f9d73bece37f7e8c8d5f57dfa1bf257b1f6849521058e1  SUBETH-aggTrades-2018-01.zip,00c504796db773475f40794418840b8c1da78741c449517ba21b5728502bfa67  SUBETH-aggTrades-2018-01.zip
data/spot/monthly/aggTrades/EOSBTC/EOSBTC-aggTrades-2017-12.zip,b0d120e6bec5fbd33280648d799724443f165051aae5e1199a5005f23cdebaf1  EOSBTC-aggTrades-2017-12.zip,a60fc818ea08df074ac3793b9feae61203fec6954dc15bcfc114417f8160cb60  EOSBTC-aggTrades-2017-12.zip
data/spot/monthly/aggTrades/EOSBTC/EOSBTC-aggTrades-2018-01.zip,18505959e1c2de29d7babfe1d3f138390699092467cbe675ee132e649dff1b54  EOSBTC-aggTrades-2018-01.zip,5591104bfad6ff9c0213f9a365483c507b407782c2b715b91e89f16eb3e89e09  EOSBTC-aggTrades-2018-01.zip
data/spot/monthly/aggTrades/SNTBTC/SNTBTC-aggTrades-2018-01.zip,ac6e99c34aa3a9f5ff80580da266c0604b3030390d76df614cc4e1cafc72be0c  SNTBTC-aggTrades-2018-01.zip,ff7733ea47c282d9c485efa6da4922dae3498ad778e8561c0d3b89b59e84bd74  SNTBTC-aggTrades-2018-01.zip
data/spot/monthly/aggTrades/ETCETH/ETCETH-aggTrades-2018-01.zip,f0c86098a1590524a72b5e0900b11053cf44e4cfba38639e23e5c2999cb5b7c6  ETCETH-aggTrades-2018-01.zip,73b42c25f7353903e79d6afc09b4028d389c3391056a82d350ed72c8f439b555  ETCETH-aggTrades-2018-01.zip
data/spot/monthly/aggTrades/ETCBTC/ETCBTC-aggTrades-2018-01.zip,b60665d85038f5d0d5162f0445ab695a7943f2eb8123e161f0e91366b69c867b  ETCBTC-aggTrades-2018-01.zip,87c41e86edf90730af618f5729aa5c4d4e6eb2bce2d853056ca5d7b78bf119e8  ETCBTC-aggTrades-2018-01.zip
data/spot/monthly/aggTrades/MTHBTC/MTHBTC-aggTrades-2017-12.zip,c8b6381027178a51c9bcbe63d281ca1792b410baccabda0e77aba17a44f8990b  MTHBTC-aggTrades-2017-12.zip,5eb529cbc4dd22d0a7785377623a17c697d815d0ab5031382fe09026441ee6d1  MTHBTC-aggTrades-2017-12.zip
data/spot/monthly/aggTrades/MTHBTC/MTHBTC-aggTrades-2018-01.zip,f6e62fee2828be65688f02d9d2e4322cbdddbe535f1fce340df0da2383f5b402  MTHBTC-aggTrades-2018-01.zip,d53a2321f52739186c27d3a6127796f14e2dceb8f857caf51d2d69390b69ff9d  MTHBTC-aggTrades-2018-01.zip
data/spot/monthly/aggTrades/MTHETH/MTHETH-aggTrades-2018-01.zip,f929affc2d5f3dabace4b83548ff09965b071b397e880da3c80e3b98482c2900  MTHETH-aggTrades-2018-01.zip,93932df90738c13c47609f876f221f001b7e43dfa2cf017a67329023d4b4bd4e  MTHETH-aggTrades-2018-01.zip
data/spot/monthly/aggTrades/ENGBTC/ENGBTC-aggTrades-2018-01.zip,1c3c8129ce31b7f3c58c546c42c21c0b2457c043fea277f4442209c7eda464e9  ENGBTC-aggTrades-2018-01.zip,abf86b904122977d2a4d77914442be9d7a6d4a6fbb90829e93c562f6481b9fd1  ENGBTC-aggTrades-2018-01.zip
data/spot/monthly/aggTrades/ENGETH/ENGETH-aggTrades-2017-12.zip,7062c6e7db6e29f2afc27e6d4978c910c7fa944c1834a2e7a73dfa258177a1c4  ENGETH-aggTrades-2017-12.zip,8ba82eb3310bee44756975b0ad89c9c0f58fa1624590982c65987f44b136787b  ENGETH-aggTrades-2017-12.zip
data/spot/monthly/aggTrades/ENGETH/ENGETH-aggTrades-2018-01.zip,e0bab3de9c33b3ef2e3fa7929584917ca1b3b18a34ffedaac097e9aceb2ff852  ENGETH-aggTrades-2018-01.zip,f0a15387385aa98c850996af2cb5ffe0c817e7d6427597a28c89d49a6ecbde76  ENGETH-aggTrades-2018-01.zip
data/spot/monthly/aggTrades/DNTBTC/DNTBTC-aggTrades-2017-12.zip,a1eaece130d30d8367a2f560b154e9c1bb757f33d8302e8e3472b79b297fe5ac  DNTBTC-aggTrades-2017-12.zip,22890fd77947813c7fa4b48160a1a688dc60c01d41ca9fb9b7ab5ee338ae03c2  DNTBTC-aggTrades-2017-12.zip
data/spot/monthly/aggTrades/DNTBTC/DNTBTC-aggTrades-2018-01.zip,86973a5140212fc88a90e817d7a872de581ed471b3c0a3dee45cf631bad47991  DNTBTC-aggTrades-2018-01.zip,5c94d131eaf179d377724d744ab9252c654ceb1f06713e99d39001fa320c3b9f  DNTBTC-aggTrades-2018-01.zip
data/spot/monthly/aggTrades/ZECBTC/ZECBTC-aggTrades-2018-01.zip,dc782724325b3db26b145bdde751f1106d86f0e11f70d1e7bb3497044fbc6673  ZECBTC-aggTrades-2018-01.zip,46170ff4051818345151671752cf613584bd890a923f3fd620ad7b2b75d3fe6a  ZECBTC-aggTrades-2018-01.zip
data/spot/monthly/aggTrades/ZECETH/ZECETH-aggTrades-2018-01.zip,7b1d15b6780f7e9f02e55b859a4d60ac49c1b2ba19c8e1ab2ffe2f09bd514760  ZECETH-aggTrades-2018-01.zip,8eb5cd7ae94ca4775bece2a9ee1412d317c3f544be6edfceba5fd4d5847bbeff  ZECETH-aggTrades-2018-01.zip
data/spot/monthly/aggTrades/BNTBTC/BNTBTC-aggTrades-2018-01.zip,32271e92495a41fcadf9d10e76615393596d268ae839389bad5d6459c5c949bd  BNTBTC-aggTrades-2018-01.zip,d0050289afd5dd2bd5eb545ec3a62bb6effaeab718d3d70e9f7f0adb595e7c72  BNTBTC-aggTrades-2018-01.zip
data/spot/monthly/aggTrades/ASTBTC/ASTBTC-aggTrades-2018-01.zip,591f308577bfbe5b9c3b7ddfb7da5d30ceae14d652b7ff1a279c47ce8ea66227  ASTBTC-aggTrades-2018-01.zip,545e1508b53623d6bac56f29334259aadfb8ed40388def61a89365f5203ff264  ASTBTC-aggTrades-2018-01.zip
data/spot/monthly/aggTrades/ASTETH/ASTETH-aggTrades-2017-12.zip,72d8ae62aeec253f8312b111c1bb84af80518f3e880b23c1f4f4939cce05be2c  ASTETH-aggTrades-2017-12.zip,bcfdb80a24e26436573dc04d4c2c7daff743b3351e2a316c200391d213daa1bc  ASTETH-aggTrades-2017-12.zip
data/spot/monthly/aggTrades/ASTETH/ASTETH-aggTrades-2018-01.zip,8c682512fae8822b31cf64a355a578c0b795b3c02a8141b908dec4ddf9b05896  ASTETH-aggTrades-2018-01.zip,5bb2ede6d7bac65cb000204b4aeb5949c145ad58ad351f6eb47cfb1c6d1ba7ce  ASTETH-aggTrades-2018-01.zip
data/spot/monthly/aggTrades/DASHBTC/DASHBTC-aggTrades-2018-01.zip,6104e806e4342a852f2e41895e346f1dde2dba64dbc4adff16052d150f18df24  DASHBTC-aggTrades-2018-01.zip,0d504c828944d6aed8161e09074cced06c3df7496e80f1b70a67a8f0355c5e87  DASHBTC-aggTrades-2018-01.zip
data/spot/monthly/aggTrades/DASHETH/DASHETH-aggTrades-2018-01.zip,f1bd2e59fd865ac6ee3e03618fa1222212f288a36091b8c863c4362fc129f4c2  DASHETH-aggTrades-2018-01.zip,f7eb7435ae693442471b405c7e75ab772f7706964cf8377d7cca6be854e05f95  DASHETH-aggTrades-2018-01.zip
data/spot/monthly/aggTrades/OAXBTC/OAXBTC-aggTrades-2018-01.zip,b85bbf7dd2ef0adeb03b969b65e7766936d9b9fd75bc12a609845eb42103c46e  OAXBTC-aggTrades-2018-01.zip,e43d3b176934603436d78ec1e569eff0c9430fb6fc3aa4ad5a9bd2d284de582c  OAXBTC-aggTrades-2018-01.zip
data/spot/monthly/aggTrades/ICNBTC/ICNBTC-aggTrades-2018-01.zip,ba6156503dd5d9d5a164326c5d8edf0c075d61b26f445e9e377534037ecaf083  ICNBTC-aggTrades-2018-01.zip,b5671baab4cbff08551912ef665869fe030bdcfb032c83061e60d8cb48d6f38d  ICNBTC-aggTrades-2018-01.zip
data/spot/monthly/aggTrades/BTGBTC/BTGBTC-aggTrades-2018-01.zip,4d6d414d0939a6e134bab14264459217f5a2360b96fe36319282f1aca23f5d2d  BTGBTC-aggTrades-2018-01.zip,d8125addc9052e8a8fa49dc08ce419c56b6c8cd6db07d17b8a0bececc0eda3d9  BTGBTC-aggTrades-2018-01.zip
data/spot/monthly/aggTrades/BTGETH/BTGETH-aggTrades-2018-01.zip,620a2fbe3e352a3164812719cb1adf7c22cb360156ec9cee4ace2520e6399054  BTGETH-aggTrades-2018-01.zip,2fc0baa00415709aeb82f232b0eb0e5acd0b0c23af1dd7b7ea4b6ea9dc3f3bf1  BTGETH-aggTrades-2018-01.zip
data/spot/monthly/aggTrades/EVXBTC/EVXBTC-aggTrades-2018-01.zip,aad27b314b0b838b0faac21adfc30a06ac4b218c1a0b2d64ae10c527e7101e6b  EVXBTC-aggTrades-2018-01.zip,a26a0727b8fdcc25ec9f387f4d1e53d075c1ed78a913d74b7f46ed9fb3d6472e  EVXBTC-aggTrades-2018-01.zip
data/spot/monthly/aggTrades/EVXETH/EVXETH-aggTrades-2018-01.zip,64aaa110f2e8c85546ba692372b84ae868420d63e79940070bdbafe7310ec59b  EVXETH-aggTrades-2018-01.zip,4c6e078c86e8628d2da1102901e532cdb9f761c77e4df4dbe0c5457f7d6ca2bf  EVXETH-aggTrades-2018-01.zip
data/spot/monthly/aggTrades/REQBTC/REQBTC-aggTrades-2018-01.zip,19fd67b709d04bbf4d90a58402bfa658c9534b03c88dec4bf9249700e425ffee  REQBTC-aggTrades-2018-01.zip,623de7cd386021a1a2f011328ece338aa40ce41546e567ccda226061a17dce03  REQBTC-aggTrades-2018-01.zip
data/spot/monthly/aggTrades/REQETH/REQETH-aggTrades-2018-01.zip,4a9540a34650944e244c016baaf1a9d4d719ca077947d94c58f5e557ca0bdb0c  REQETH-aggTrades-2018-01.zip,19751d1f6ea61be411082b3db331839ff90412412c0a542c192045eea531d7b7  REQETH-aggTrades-2018-01.zip
data/spot/monthly/aggTrades/VIBBTC/VIBBTC-aggTrades-2017-12.zip,ac18238d3d5b0cbfa18e4dcff87e726b7ff48627411cafbb46e6387b0397cf8a  VIBBTC-aggTrades-2017-12.zip,92b1f4517275da5d8281042650dde72f4b5706092f0edbc6f32e1c62a054be97  VIBBTC-aggTrades-2017-12.zip
data/spot/monthly/aggTrades/VIBBTC/VIBBTC-aggTrades-2018-01.zip,8e84f9eca0e92dac0c4e4eabbae619307878b463727b28ebd07e5232015a4397  VIBBTC-aggTrades-2018-01.zip,1200783042ddf5276d780be0574506ff1477bb3cc70ca6ac97af1f845d36f53c  VIBBTC-aggTrades-2018-01.zip
data/spot/monthly/aggTrades/VIBETH/VIBETH-aggTrades-2018-01.zip,144c316ed2f1e3d0d7b86d2b171f48c0234a2a2dba07b3cec2ef8286b25bbdfe  VIBETH-aggTrades-2018-01.zip,3d57ca4b7c183b807ca1ba73e1cc96f46f83436f3aa526177a2b5bf08be15902  VIBETH-aggTrades-2018-01.zip
data/spot/monthly/aggTrades/HSRETH/HSRETH-aggTrades-2018-01.zip,ddab3ce7b9348af697ec747edf4579d6a8cb3fe585ae6184a68ff07531357088  HSRETH-aggTrades-2018-01.zip,5048a40ae040c1ab17e7be5532732a891d627155c57b4534f800273bf52c5823  HSRETH-aggTrades-2018-01.zip
data/spot/monthly/aggTrades/TRXBTC/TRXBTC-aggTrades-2017-12.zip,aa5618facbe81214e1e6b77481a437ec81b11193161d651ec59cbaa05aa0257a  TRXBTC-aggTrades-2017-12.zip,cb9f27185e3ab13a54121880fcf50fe8fb094dd7aa11477b885b406ebf13f2cb  TRXBTC-aggTrades-2017-12.zip
data/spot/monthly/aggTrades/TRXBTC/TRXBTC-aggTrades-2018-01.zip,df71b297078c47c6109eefd1b4986473207d94532edcfc5129e3fec6de3551a7  TRXBTC-aggTrades-2018-01.zip,90b175065eb894f652d6625a967a27ca06ee37cbb239217286b4d7ecbd5f37c0  TRXBTC-aggTrades-2018-01.zip
data/spot/monthly/aggTrades/TRXETH/TRXETH-aggTrades-2018-01.zip,4763fae2ac9970eb99f028cfcedaba162fb9bb683b0a42a21ddbca6a190fa9f1  TRXETH-aggTrades-2018-01.zip,cddf18d47e9d0a1bc29279190200082306b947ef5c8d9e3cf37c48b021c6c44f  TRXETH-aggTrades-2018-01.zip
data/spot/monthly/aggTrades/TRXETH/TRXETH-aggTrades-2018-02.zip,b253bc6461aaac28d1086a3a53ccba8d8b4b6ac7a9dee68a403176f8335ba647  TRXETH-aggTrades-2018-02.zip,a73490857b4cfb4a35fae1062acfb9871c4edd5240bd4a10411f5761c9079ae1  TRXETH-aggTrades-2018-02.zip
data/spot/monthly/aggTrades/TRXETH/TRXETH-aggTrades-2018-03.zip,56b4912a8abc578a2e1ea63d1754fd2d544b9bec96633e14b2f6a6cf60bb31fa  TRXETH-aggTrades-2018-03.zip,d953fc640799cbf77f8f01ce1ed10e4e82e198cc798342b6e5017e095eccda2e  TRXETH-aggTrades-2018-03.zip
data/spot/monthly/aggTrades/POWRBTC/POWRBTC-aggTrades-2018-01.zip,acedbdf114ba442ce5eba87ce2991680b8ce5a296fc43c16ad4a5c6277f0e2b2  POWRBTC-aggTrades-2018-01.zip,fee68fd295df7206f5ef363560c73cc5d624dc3bcdb9dccc816c9ef066234711  POWRBTC-aggTrades-2018-01.zip
data/spot/monthly/aggTrades/POWRETH/POWRETH-aggTrades-2018-01.zip,1dd1a7d7bbcd2e20b8e19ae9e79ac54fdd72e56cac38a8d4f172f7aff1c66585  POWRETH-aggTrades-2018-01.zip,a2d3dcc6d7f52ceb7d07ce0d36bc34321fbdaf6d1437442919fce98eac3c375f  POWRETH-aggTrades-2018-01.zip
data/spot/monthly/aggTrades/ARKBTC/ARKBTC-aggTrades-2017-12.zip,2e3f7bf8008da986445819cc46109195a1f13fc66cce0b328ef5ae2efd4dda72  ARKBTC-aggTrades-2017-12.zip,3e108f7cf36fe5a19c00fcbc5206affef3b6cec734e359c6d203a15aa14d997b  ARKBTC-aggTrades-2017-12.zip
data/spot/monthly/aggTrades/ARKBTC/ARKBTC-aggTrades-2018-01.zip,00aac51de023642e8796bf02c16f704385a54d6d5a016f7deababb98413191aa  ARKBTC-aggTrades-2018-01.zip,4d9c8c8729e3eb5778a2f008ef06596933f97c5d7be6ddc811975eeb1ec20719  ARKBTC-aggTrades-2018-01.zip
data/spot/monthly/aggTrades/ARKETH/ARKETH-aggTrades-2018-01.zip,ede8911620e5f13767ec07ebaef1f8a52da0a566d3eee637aebc04fa0e64118a  ARKETH-aggTrades-2018-01.zip,56fd33071cd82ba616a80e7591a23b72089a3fc604c53418abe7e799074e7732  ARKETH-aggTrades-2018-01.zip
data/spot/monthly/aggTrades/YOYOETH/YOYOETH-aggTrades-2018-01.zip,99c29867478cd5c18a2ceae3d70be4418b1d2e74b48f1c0b17960a8a9853407c  YOYOETH-aggTrades-2018-01.zip,a504ff24bd81dd41d2cbfdf00bc04a76b5423cf4e42801af1510e22d5c4adebe  YOYOETH-aggTrades-2018-01.zip
data/spot/monthly/aggTrades/XRPBTC/XRPBTC-aggTrades-2018-01.zip,be3841e82410f51bd83be0ad43e34d434238c565aafb44e3cd75e71c9f5a2c51  XRPBTC-aggTrades-2018-01.zip,4059ccbdb14efbd79addc3a172c4b6db849bf515231c9e7399f661f971e622df  XRPBTC-aggTrades-2018-01.zip
data/spot/monthly/aggTrades/XRPETH/XRPETH-aggTrades-2018-01.zip,99b5a6e4d2608a1e57da6822b8df34b8d3fce2eae264cacabac95afc83f797e2  XRPETH-aggTrades-2018-01.zip,84c5f4da554580458a3e0d69881ae848382daf83778a3f7244284131329158d4  XRPETH-aggTrades-2018-01.zip
data/spot/monthly/aggTrades/MODBTC/MODBTC-aggTrades-2018-01.zip,2c59663598b0331fdfff14a0acabf8b54364fc5fd1cf9935c902e4a881a857d6  MODBTC-aggTrades-2018-01.zip,5e43a8110a724f86d6e4eb7537d6e45d578d74cd632cefda2f09641effa199ba  MODBTC-aggTrades-2018-01.zip
data/spot/monthly/aggTrades/MODETH/MODETH-aggTrades-2018-01.zip,8815c66996a194f35e5f0a080285e1a0ea3dd8698993ae11b9cfc944ba95f335  MODETH-aggTrades-2018-01.zip,ac021238aa8269015a1aac894c5f140d966a94b009bd8c26210440e31faf9586  MODETH-aggTrades-2018-01.zip
data/spot/monthly/aggTrades/ENJBTC/ENJBTC-aggTrades-2018-01.zip,14cd0308c3ff6055ea69251e9ed8b46fe1dcc334b4cb82c5e3032045e740c27c  ENJBTC-aggTrades-2018-01.zip,970223aa37afde815b6d6b8341974e2e9e6fca1f4cbcaa8671d0eea54520c58f  ENJBTC-aggTrades-2018-01.zip
data/spot/monthly/aggTrades/ENJETH/ENJETH-aggTrades-2018-01.zip,826039176987d9584bafcd33b2228cced004d974bf076a64b5a2a573ab3f0c61  ENJETH-aggTrades-2018-01.zip,07b71755b431b2f6eb5c078ea6dd052ef61dae49d0bd24e2ef7bb83622370fbe  ENJETH-aggTrades-2018-01.zip
data/spot/monthly/aggTrades/STORJBTC/STORJBTC-aggTrades-2018-01.zip,3ea86fae0dd2db0656f4e2d432895cea01413ed26975f84099fa9c78342e587e  STORJBTC-aggTrades-2018-01.zip,df294e7ac1477d348d04411e62210cffda72c2f47592a600cc6bbb12d60e75b3  STORJBTC-aggTrades-2018-01.zip
data/spot/monthly/aggTrades/STORJETH/STORJETH-aggTrades-2018-01.zip,1c0a992b9b8b8a5951d3d5e35f50f9b1c51e27c014b721a12aa930bdb1bf04e2  STORJETH-aggTrades-2018-01.zip,a36ffd1b8267fef5c25be84cb45d452c5fdfca39981a5391f18b7d45723e993e  STORJETH-aggTrades-2018-01.zip
data/spot/monthly/aggTrades/BNBUSD/BNBUSDT-aggTrades-2017-12.zip,0c19e862584682211db7a62e064b22726c08dc27d0f2ca596604e698080ef32c  BNBUSDT-aggTrades-2017-12.zip,324f476c799756efb73844d12ed9af94b54ca52077d8b83e543ffde405aba051  BNBUSDT-aggTrades-2017-12.zip
data/spot/monthly/aggTrades/BNBUSD/BNBUSDT-aggTrades-2018-01.zip,b5bb7899bc1d31daa6c8303191ebf0bc7a2a92390d25a355ef5d6165c27e067f  BNBUSDT-aggTrades-2018-01.zip,8ed0128dea8e95d550553020c61b4803ae3eb6ca6ab4d277d0b0d9dec0ff4bcf  BNBUSDT-aggTrades-2018-01.zip
data/spot/monthly/aggTrades/VENBNB/VENBNB-aggTrades-2018-01.zip,a02c1c48f0e9b8dae16d09a3ed815e5119c1e40480f5638c11bc61784d4564b9  VENBNB-aggTrades-2018-01.zip,e1ab1cac4d6a4f6f66c7134a2614bf30b36c4fb3af9df83d98a5d569f6b4bf9b  VENBNB-aggTrades-2018-01.zip
data/spot/monthly/aggTrades/YOYOBNB/YOYOBNB-aggTrades-2018-01.zip,ca4672bbb20491d3515c09e4495d05f138c35efeeb965ad65274d97968edc98a  YOYOBNB-aggTrades-2018-01.zip,d18555e9b9a6b305a5c2679e1164d95d1c573b915cd51c5a4bd73e8786bb7348  YOYOBNB-aggTrades-2018-01.zip
data/spot/monthly/aggTrades/POWRBNB/POWRBNB-aggTrades-2018-01.zip,dcc91f6bc6a6e23b646d9b7efdabcf358ec621ee492d831235c674469d01f9ab  POWRBNB-aggTrades-2018-01.zip,73311a407469235e7ba9f579ca710d5b92edf3782d62c63497377934707782a1  POWRBNB-aggTrades-2018-01.zip
data/spot/monthly/aggTrades/VENBTC/VENBTC-aggTrades-2018-01.zip,2d6d637d5347f4f8df8fbfbee3596f359107a62a1e90b4e3b8fbd36da23228d6  VENBTC-aggTrades-2018-01.zip,bca35af1d0e12e85db157604402110cf6eed693657ccc30e4c99c4894a18252f  VENBTC-aggTrades-2018-01.zip
data/spot/monthly/aggTrades/VENETH/VENETH-aggTrades-2017-12.zip,84ec31bae5ebcca7a14346cfbe69e52161beb01946b2d3c2a5a03f352da16ae6  VENETH-aggTrades-2017-12.zip,3b7fd394e6d1c610d3fd039090fb485483857c8a3f49be2624eb5698875b92fa  VENETH-aggTrades-2017-12.zip
data/spot/monthly/aggTrades/VENETH/VENETH-aggTrades-2018-01.zip,803c45050a8cda64e031ebe87515ed1c56bddc93f7a7333920443a004f65ee8f  VENETH-aggTrades-2018-01.zip,f66e2715cfb539489957b324546a501b69ddbfcb34719b7435e0a122ba7a773a  VENETH-aggTrades-2018-01.zip
data/spot/monthly/aggTrades/KMDBTC/KMDBTC-aggTrades-2018-01.zip,981760027e6519266a09ed25b3d9dde94f0b7f7d43f97c966ed67687e68722fd  KMDBTC-aggTrades-2018-01.zip,835dd3d5ae67979618acbbd0db9e66843d70cf5c3d4d608de80a64fc5d89ccd6  KMDBTC-aggTrades-2018-01.zip
data/spot/monthly/aggTrades/KMDETH/KMDETH-aggTrades-2018-01.zip,9ffa125df7fd31ca21b84d041bf316b4afb77c13d6285e1928777ffa7140cbb3  KMDETH-aggTrades-2018-01.zip,87e9505674d017dc2ff42c2ebe3389b0b300a413c249ae28c041550f76d7dcb8  KMDETH-aggTrades-2018-01.zip
data/spot/monthly/aggTrades/NULSBNB/NULSBNB-aggTrades-2018-01.zip,346b8b204944425e27785f408aaa7178d7d0bdfcc1cd83ed8db116515eb99b64  NULSBNB-aggTrades-2018-01.zip,098a0195c59db9708d948b3f8e75fe244a5933f67303f63735f3d3e1e38a2624  NULSBNB-aggTrades-2018-01.zip
data/spot/monthly/aggTrades/RCNBTC/RCNBTC-aggTrades-2017-12.zip,c65e3c03972be01a242773bff68f9ff357d57eb6247d34261d80026587709e0d  RCNBTC-aggTrades-2017-12.zip,bfa1d7a140bfbd939caa7e46c9f6c64c16e4242cd483803ca80c94ea7724a3bb  RCNBTC-aggTrades-2017-12.zip
data/spot/monthly/aggTrades/RCNBTC/RCNBTC-aggTrades-2018-01.zip,5a076015d1fac2bfa154698675c506450976a2501b064a8993e7e4213c71af55  RCNBTC-aggTrades-2018-01.zip,fecdd2abcb0e1240548420104fbffc90e361c7721f82b56ff83384b1840623c9  RCNBTC-aggTrades-2018-01.zip
data/spot/monthly/aggTrades/RCNETH/RCNETH-aggTrades-2017-12.zip,4084f19b4d5950f76e1d98b100ab0c2be4b4928af234333ecf58a4f4429be73b  RCNETH-aggTrades-2017-12.zip,384e3248f8838f92b12d165da4f2ee533fad4bfc80ac771bfb3a3af7077c222a  RCNETH-aggTrades-2017-12.zip
data/spot/monthly/aggTrades/RCNETH/RCNETH-aggTrades-2018-01.zip,f21304918faad091101dc3db30be31bce6e666b704c8ea71a8c6ab119c4b10a4  RCNETH-aggTrades-2018-01.zip,ac255bb6dc16b6116302c54b117f517b3dcfa316b65a448a3a0cf20db64b1f3f  RCNETH-aggTrades-2018-01.zip
data/spot/monthly/aggTrades/RCNBNB/RCNBNB-aggTrades-2018-01.zip,dd921c0a6d2f8a69e74985f16cb6cb9cf5c98d4367c58e8430bedf36bb1ae137  RCNBNB-aggTrades-2018-01.zip,9157cfe7f240cdd8fe734fc6fa51415e0a11b707a1eb05001795c970304fd2d2  RCNBNB-aggTrades-2018-01.zip
data/spot/monthly/aggTrades/NULSBTC/NULSBTC-aggTrades-2018-01.zip,42978b33e0a26f2aa595ad6507007f3d9a11bac6b3f016b24ca98bc27e5bf5b4  NULSBTC-aggTrades-2018-01.zip,38facac6d4d04ea839728975985f1341f0a07f7ca69b5f1e3b483fa86a950d6c  NULSBTC-aggTrades-2018-01.zip
data/spot/monthly/aggTrades/NULSETH/NULSETH-aggTrades-2018-01.zip,18ff2ac40023372cb7f0d8c228379d3229daeea952bccea4548e9a47eda2d67b  NULSETH-aggTrades-2018-01.zip,e70b7d6aef400ce5ce60b1cb37e42589ca2560167e6813149be5cb6425242911  NULSETH-aggTrades-2018-01.zip
data/spot/monthly/aggTrades/RDNBTC/RDNBTC-aggTrades-2018-01.zip,20b0b178df8e19950adf0f2bb272bf62ae221f2933922e8cbc0aa784cc4be1cb  RDNBTC-aggTrades-2018-01.zip,1966c19c691ea978a17db2cc13523d8cdd6e0c3b20ab1e2fdb1055eef66aa4e9  RDNBTC-aggTrades-2018-01.zip
data/spot/monthly/aggTrades/RDNETH/RDNETH-aggTrades-2018-01.zip,5a474bd46419a82cd21d38cb0bb7884f2d4a121d846fdd511d0fd810249bb56b  RDNETH-aggTrades-2018-01.zip,b9197a5602c7b45477616aa4ce0aeffedb38f2f374df87b3964951e3d5c97408  RDNETH-aggTrades-2018-01.zip
data/spot/monthly/aggTrades/RDNBNB/RDNBNB-aggTrades-2018-01.zip,2b4bbc4f3feefb8852a1d4dffdcc48f8010b0f249911855d7d4ae7b5f859204a  RDNBNB-aggTrades-2018-01.zip,8fcee75ce2335b281d84721e1487d2d8c302aa977921c19604cd5202e25c0c34  RDNBNB-aggTrades-2018-01.zip
data/spot/monthly/aggTrades/XMRBTC/XMRBTC-aggTrades-2018-01.zip,ce4c5796fc99b192b08f105b653d751da3d8698e5dadae73824a710144d654c2  XMRBTC-aggTrades-2018-01.zip,eb47ec6c1f3e1cb2d4aa94c442c41195ffb7c4bc2f0f0a86b0369ba4846333cc  XMRBTC-aggTrades-2018-01.zip
data/spot/monthly/aggTrades/XMRETH/XMRETH-aggTrades-2018-01.zip,4202ccf4785344e2560ea5d3b3a2e06e9b5b9a3e18efdfa448926b526a0c66b7  XMRETH-aggTrades-2018-01.zip,b9e4e1af4c3b20f876eacd702120da53c0af01da32b8527b0aa715742204b0d9  XMRETH-aggTrades-2018-01.zip
data/spot/monthly/aggTrades/DLTBNB/DLTBNB-aggTrades-2018-01.zip,46941f81ee513f305ab84b9cb9eb9907f407bb1f47e856f06f793c6f364ece06  DLTBNB-aggTrades-2018-01.zip,2839d58db4c238c554198acc5611d219740eeba71a1957a825ff676ba06496b0  DLTBNB-aggTrades-2018-01.zip
data/spot/monthly/aggTrades/WTCBNB/WTCBNB-aggTrades-2018-01.zip,b9bbc49b8a8825b7c87c5fe914055bebe55de552e5c0eb68243c3919e1c6d2f2  WTCBNB-aggTrades-2018-01.zip,0ce149aeff0e381f08f8bbac961dfe3a5ca35913366dda42ad6ad193101f6b1b  WTCBNB-aggTrades-2018-01.zip
data/spot/monthly/aggTrades/DLTBTC/DLTBTC-aggTrades-2018-01.zip,5e27f4f83c566fb4cd55fe991d29217d3078b5b37cf1b633eafa7557c4887507  DLTBTC-aggTrades-2018-01.zip,651931b69cc1c07209a46c51a96243e6c4d29d6bfb24e6fdb8adda2380e37a96  DLTBTC-aggTrades-2018-01.zip
data/spot/monthly/aggTrades/DLTETH/DLTETH-aggTrades-2018-01.zip,281af8c72aa65e9acd3d2478420083499ed611c4456cc98d350cae9abd1c647b  DLTETH-aggTrades-2018-01.zip,e6cd0a00dde7900b12dc5bbf99ebc4ad64b0a6c78df062066bd87ad44ab468ec  DLTETH-aggTrades-2018-01.zip
data/spot/monthly/aggTrades/AMBBTC/AMBBTC-aggTrades-2018-01.zip,a2db795620c304d55d7d9a77eda8215d6dcccdb39393c0cb130e291346fa54e2  AMBBTC-aggTrades-2018-01.zip,6ae9debb2afb350a88bae4c23aed3dd79ca969c3e39395f5170faaadbfc3908b  AMBBTC-aggTrades-2018-01.zip
data/spot/monthly/aggTrades/AMBETH/AMBETH-aggTrades-2018-01.zip,9d44ca8bef681ebf18543d293f33f3e0d461b7f4404ec7d46772d9d312b3a673  AMBETH-aggTrades-2018-01.zip,be09fddaa9705cdd92ad517335c6380d436dce427da35a03e931018026d4f07d  AMBETH-aggTrades-2018-01.zip
data/spot/monthly/aggTrades/AMBBNB/AMBBNB-aggTrades-2018-01.zip,80cb6c91b94d3fc7280d08724707ad05c493388c0e65143c08680aff47493a93  AMBBNB-aggTrades-2018-01.zip,4f1d258ef138a3b02d40a0db68107b979f8db16777d1b5b7e4abfff7bb085b89  AMBBNB-aggTrades-2018-01.zip
data/spot/monthly/aggTrades/BCCETH/BCCETH-aggTrades-2018-01.zip,78fb31e5703645875e12539385ed252025606c870cb1301d6ecf119b38a669e7  BCCETH-aggTrades-2018-01.zip,a19ef7b3abf2825b4297a83b5c53db9d5016add06e5820541d22f8986c96d686  BCCETH-aggTrades-2018-01.zip
data/spot/monthly/aggTrades/BCCUSDT/BCCUSDT-aggTrades-2017-12.zip,74377fd8b811a28203e3521cf6053be2ea461ecac572d0deef30408f3d1410bb  BCCUSDT-aggTrades-2017-12.zip,f1bd405740562a223a10554d47b0b700904341971cc8c66b953c0cd2b251368e  BCCUSDT-aggTrades-2017-12.zip
data/spot/monthly/aggTrades/BCCUSDT/BCCUSDT-aggTrades-2018-01.zip,7dea5e36cc1ccdfe86f20b2e2aca4deff37c8ce947299b21dac24384f5911b2b  BCCUSDT-aggTrades-2018-01.zip,3d0027f5ae8dad78efce86b30aa93626073976e7256280631744a614db80dff6  BCCUSDT-aggTrades-2018-01.zip
data/spot/monthly/aggTrades/BCCBNB/BCCBNB-aggTrades-2018-01.zip,67d13305d2cc95b3bdcee4d2e7446dbe05fd5d05fd339adb206c679677638f7e  BCCBNB-aggTrades-2018-01.zip,93d14f96265aaac9a771e1145159f9553c713557e9a21e674b6ceb43b85ed6f5  BCCBNB-aggTrades-2018-01.zip
data/spot/monthly/aggTrades/BATBTC/BATBTC-aggTrades-2017-12.zip,203feacacc5215defe7a1f2071f60010ae31e00bd9064fd53d7292829ecc16b1  BATBTC-aggTrades-2017-12.zip,e44c4db95dff4ea7d0f888e43301875ce7e54a54c5c44c12627920b2fea82647  BATBTC-aggTrades-2017-12.zip
data/spot/monthly/aggTrades/BATBTC/BATBTC-aggTrades-2018-01.zip,5a08962ad774af2d0abf4dd18dda3f2abd890a0e7501f64086d79cab37676352  BATBTC-aggTrades-2018-01.zip,44f671528a7ea6a3dc15ebdc018696db76fd9194e9ee07c1c76692a1a047f948  BATBTC-aggTrades-2018-01.zip
data/spot/monthly/aggTrades/BATETH/BATETH-aggTrades-2018-01.zip,2834c7e887ec26b0d300c642a3cb3ba5c8a83ff8463218b9ca37e7d924f8e3fe  BATETH-aggTrades-2018-01.zip,e893c089365f03d97b36b2f59a84554505b9f549ddf52ce79fe0e2feae535230  BATETH-aggTrades-2018-01.zip
data/spot/monthly/aggTrades/BATBNB/BATBNB-aggTrades-2018-01.zip,fcf0151c647f2c76e2e464209f219c39d1ab4d64cab6363f6f1bcbe7f403ac92  BATBNB-aggTrades-2018-01.zip,44d61a2b89fe1d33c216290e85cc2a1aca942f063c8d3d8836547b3864589a67  BATBNB-aggTrades-2018-01.zip
data/spot/monthly/aggTrades/BCPTBTC/BCPTBTC-aggTrades-2018-01.zip,af618105a5c62878f84ee35660197f71efc4e2d964adcebe1e1ebf0cfa8b6717  BCPTBTC-aggTrades-2018-01.zip,ae740c21de4a1e77f03f40265bdbe601cd0d7cfb7457fed9b8607ed653ccd21d  BCPTBTC-aggTrades-2018-01.zip
data/spot/monthly/aggTrades/BCPTETH/BCPTETH-aggTrades-2018-01.zip,bb3166650c6b00d07bbfe7dfb0dd6ee7c16b9bad94be892ee297c38f20559d88  BCPTETH-aggTrades-2018-01.zip,182ab52550086579b621dc369fd7f07eca1fc830e2cab7fd81230f4f767e18e2  BCPTETH-aggTrades-2018-01.zip
data/spot/monthly/aggTrades/BCPTBNB/BCPTBNB-aggTrades-2018-01.zip,1e095118335a68fa31736bb2240ba4b73cce60da60cd4736fe79d7c511920d5a  BCPTBNB-aggTrades-2018-01.zip,e66e5a164f26a507f0b4712559e7a41d3b6a41e9e7c3e6b8dd9ef473aad2cc87  BCPTBNB-aggTrades-2018-01.zip
data/spot/monthly/aggTrades/ARNBTC/ARNBTC-aggTrades-2018-01.zip,c184329a2bc83d792ac3c8417752dc9c2b54e69e386b080042abe4762a058e93  ARNBTC-aggTrades-2018-01.zip,769d8bc527e2120362ae595b3bbe4c89f0d55d3fc6e27e2dde7ae29ba7805dd8  ARNBTC-aggTrades-2018-01.zip
data/spot/monthly/aggTrades/ARNETH/ARNETH-aggTrades-2018-01.zip,6ae444fb3b600293816ae3e50506c3483fc6f7e5311623c8d6c620b1ac47d37e  ARNETH-aggTrades-2018-01.zip,09ad1dca21cd79653bcdcde94a850f341da0d5f6554dd47bcbda58cee82f37f1  ARNETH-aggTrades-2018-01.zip
data/spot/monthly/aggTrades/GVTBTC/GVTBTC-aggTrades-2018-01.zip,87fc874f3d62e91c963f74d890b2f9db9a0c1f2c8c418e87de5853a2af74f00b  GVTBTC-aggTrades-2018-01.zip,92742d4f5e00cab12a999e66e582a0e4fa40da187ef49a51348c2cfdf33f07db  GVTBTC-aggTrades-2018-01.zip
data/spot/monthly/aggTrades/GVTETH/GVTETH-aggTrades-2018-01.zip,299efc33de3367cff76727bcd0704139b513dadef11f86712ab6a10c31798e94  GVTETH-aggTrades-2018-01.zip,da3a08b24c041dfb161935ca00d6f91e1048fe2a5ac617182580088268c59fc3  GVTETH-aggTrades-2018-01.zip
data/spot/monthly/aggTrades/CDTBTC/CDTBTC-aggTrades-2018-01.zip,96ce43d10b38d31ad852c6fb301d0e284cde17c751f215e9babbc39d5946e32e  CDTBTC-aggTrades-2018-01.zip,7f31f17b944693d372ee70a1c8d54164473ab9876c0b168db894f66381f4a5c9  CDTBTC-aggTrades-2018-01.zip
data/spot/monthly/aggTrades/CDTETH/CDTETH-aggTrades-2018-01.zip,2dfdd490237b20457a7782e893a5e63e4010e5878519a36381b4543a73d75120  CDTETH-aggTrades-2018-01.zip,dc70b040223bcdfc9fd7d49c2048429d76ea1635341604a7bc31082983821f79  CDTETH-aggTrades-2018-01.zip
data/spot/monthly/aggTrades/GXSBTC/GXSBTC-aggTrades-2018-01.zip,012bed0ccd32427cb9b3dbdfecbfa0ad6c69ccfe1e8646b9ec52f44515087412  GXSBTC-aggTrades-2018-01.zip,f908efcae8932e305b6d5f1b02a1191f501d8e7aa6f7ed617f0762cc0faa46c5  GXSBTC-aggTrades-2018-01.zip
data/spot/monthly/aggTrades/GXSETH/GXSETH-aggTrades-2018-01.zip,950e9bce505ed2bd9303dff596b3552432cd518d9b25a7789e41769bf471f350  GXSETH-aggTrades-2018-01.zip,fdd26ad86ab586aa11b9cbf6482b39e2479360e77f20d0abb652f036f5632173  GXSETH-aggTrades-2018-01.zip
data/spot/monthly/aggTrades/NEOUSDT/NEOUSDT-aggTrades-2018-01.zip,835d664af54e3840eb9f4c15baa59422a78b8ffab6ee579370ba622dab6765e8  NEOUSDT-aggTrades-2018-01.zip,e9787691cf7617b56df23b3244817b4967cedce0ae3b5fd58e407353a50ee87c  NEOUSDT-aggTrades-2018-01.zip
data/spot/monthly/aggTrades/NEOBNB/NEOBNB-aggTrades-2018-01.zip,6642e846cfd456f5ae45923c2d3618a16b0fa20925a4e1cad306278568e25268  NEOBNB-aggTrades-2018-01.zip,9fc9783549d16cc676e6c72adce1e26b45e9b5012afe8a424f01038b14b14a1e  NEOBNB-aggTrades-2018-01.zip
data/spot/monthly/aggTrades/POEBTC/POEBTC-aggTrades-2017-12.zip,18d88b1f7f2683f9efdb9eb4730cef10e8572f6ea18559b01ea98a6723814d48  POEBTC-aggTrades-2017-12.zip,1d6432bf9535317c0c5a434a2d0d523fdcc2c2f8ce11992eb4b5f700098914a4  POEBTC-aggTrades-2017-12.zip
data/spot/monthly/aggTrades/POEBTC/POEBTC-aggTrades-2018-01.zip,3df72acd9758f918ccb255dfd3aca0ac499e0a25f23fbac690520e61492e53e3  POEBTC-aggTrades-2018-01.zip,615ffdca732768dc5ccabd6f920a7ecd8eea7224ba1f73991641e5e71f71f407  POEBTC-aggTrades-2018-01.zip
data/spot/monthly/aggTrades/POEETH/POEETH-aggTrades-2018-01.zip,158c282b7798efd5aae1ec53496976a657be5f68dfb54242ca6572b6fb5cdd92  POEETH-aggTrades-2018-01.zip,17192f91c3271c8b390ae8fb6a772b9d165299744d19fd61dc310a24ae347d28  POEETH-aggTrades-2018-01.zip
data/spot/monthly/aggTrades/QSPBTC/QSPBTC-aggTrades-2018-01.zip,122e87c4df09396bf4896fd4d9aa19c94aad8bc4365ebfbad7fb3fd3ad794815  QSPBTC-aggTrades-2018-01.zip,8060751c260de4cbc5f9065cca9cd781e56279f35ea3ddf4ddda8aa6f58fefd5  QSPBTC-aggTrades-2018-01.zip
data/spot/monthly/aggTrades/QSPETH/QSPETH-aggTrades-2018-01.zip,cddb905bab977ee87ce54cede7f3d1f93e13eda2a535fa1e1e36c5ea39db94e3  QSPETH-aggTrades-2018-01.zip,1cd93d7d97c17d7b04fbddde2f74870b10f51d73ed407101db079b1b3b401303  QSPETH-aggTrades-2018-01.zip
data/spot/monthly/aggTrades/QSPBNB/QSPBNB-aggTrades-2018-01.zip,29739bdfc941369fb63d5533b88443ab1cbcbced1ca7fc16d827d4aab0a82c31  QSPBNB-aggTrades-2018-01.zip,dfea3537495cfa79e05eeade875f0b1a2d67579ba45f3ba3941571e35503db8f  QSPBNB-aggTrades-2018-01.zip
data/spot/monthly/aggTrades/BTSBTC/BTSBTC-aggTrades-2017-12.zip,cffb175144787e583042976f366eaaecb70b4b42737584d96a22dd4268a175e4  BTSBTC-aggTrades-2017-12.zip,b1b3ca6d0bf185b0943416a73d434117b9c93efd8f23ec101abb9a72f525872e  BTSBTC-aggTrades-2017-12.zip
data/spot/monthly/aggTrades/BTSBTC/BTSBTC-aggTrades-2018-01.zip,70813459e89015848a0676a3169fe9349c31a54a533e40e7187b287508302e1b  BTSBTC-aggTrades-2018-01.zip,2c10bf4777f8a18d7287f59ca79ef2a1042d98bed613f7f996798efb5aeb2742  BTSBTC-aggTrades-2018-01.zip
data/spot/monthly/aggTrades/BTSETH/BTSETH-aggTrades-2018-01.zip,1b822890c9f2e4c008b10d4cd9ed0539cd2ea5b52aa6f8e485a131ca23cc3fb5  BTSETH-aggTrades-2018-01.zip,0a484c5585aa8fd0b6944906faca182322f5bafdf94395a2d038338927cdc33d  BTSETH-aggTrades-2018-01.zip
data/spot/monthly/aggTrades/BTSBNB/BTSBNB-aggTrades-2018-01.zip,2929255331a18c34e9a334c9dc790dca5a0f0f97f2005229fd0f1acce05ed574  BTSBNB-aggTrades-2018-01.zip,6b1598fedf94627e42f5484fdabd33c3013b97b31ab67ad17aa9b2eb15d0532d  BTSBNB-aggTrades-2018-01.zip
data/spot/monthly/aggTrades/XZCBTC/XZCBTC-aggTrades-2018-01.zip,ac07501b3a260cb574fc8b3390c5c19b29922f796c78beaa6bbfe0a5e4aaef5f  XZCBTC-aggTrades-2018-01.zip,2ed4fedc460d9ea3bd2724fa0acd14dc5d090ea2eba49858b0ec6bc027d31d4f  XZCBTC-aggTrades-2018-01.zip
data/spot/monthly/aggTrades/XZCETH/XZCETH-aggTrades-2018-01.zip,3e9de29694adfb3331feaaf6168de78da2b60523ebcc97dafab1dae90e423698  XZCETH-aggTrades-2018-01.zip,38ec31a01c91b789b2512f3ee89255d18c59075968d826f7da21cf7c6bb575da  XZCETH-aggTrades-2018-01.zip
data/spot/monthly/aggTrades/LSKBTC/LSKBTC-aggTrades-2018-01.zip,e70f24cefeb61d6c0a4f5d4a723813b5cde1700f71b1c08081f0bd33dacbaa8c  LSKBTC-aggTrades-2018-01.zip,1b083882470809da7d16389a28306111d838e436040488ead5205af53c02e5cc  LSKBTC-aggTrades-2018-01.zip
data/spot/monthly/aggTrades/LSKETH/LSKETH-aggTrades-2018-01.zip,22b2ada2ffe51946aa5706d4274ee123bfa39132aa91a9ca9d1d7e46504cd3fc  LSKETH-aggTrades-2018-01.zip,5756c611dc3fd1280a7780fa0e3eccee369e07843547d21d90e30e326e0e2583  LSKETH-aggTrades-2018-01.zip
data/spot/monthly/aggTrades/LSKBNB/LSKBNB-aggTrades-2018-01.zip,1a7f99d96477c4436c418fd7167f34809d7ea3e70c06904d9ac4cc757d0a16f4  LSKBNB-aggTrades-2018-01.zip,88b7943f8f6c57fbdc36a236a67c589fdb88cc86fc5f6a35ae8ce630542f79ae  LSKBNB-aggTrades-2018-01.zip
data/spot/monthly/aggTrades/TNTBTC/TNTBTC-aggTrades-2018-01.zip,18348f1cb03d7226c2a10f3c22973a3e7962be3557635c96ab866ddb4fad525d  TNTBTC-aggTrades-2018-01.zip,704247948c13d303cdcd67cbfb80af75db9cc6fc6e1ec41398c457de7143b119  TNTBTC-aggTrades-2018-01.zip
data/spot/monthly/aggTrades/TNTETH/TNTETH-aggTrades-2018-01.zip,772e4f014431d6d48b88e40e9e13c062b5068914e2ed0764f9d5e52849d56f70  TNTETH-aggTrades-2018-01.zip,001e7f3ebf03c415040735a5ca43ca516c39b6afe50d7a5467ae0edcf9d4f970  TNTETH-aggTrades-2018-01.zip
data/spot/monthly/aggTrades/FUELBTC/FUELBTC-aggTrades-2018-01.zip,ef7f2cda5599948e65c019d42b4914d5021765edeafff5fcac9f7a6a3c6c9d2d  FUELBTC-aggTrades-2018-01.zip,910bcff647d325f550d8e80593db5e7d72bd2e1176ccd290fe74102156927b9e  FUELBTC-aggTrades-2018-01.zip
data/spot/monthly/aggTrades/FUELETH/FUELETH-aggTrades-2018-01.zip,5f6105966e61e851b0ef0583ce12c42c2feb44ba40305f15b577545e20f7ef33  FUELETH-aggTrades-2018-01.zip,159374f33c0edbae98ab405996e1f41252d70e54cda1693100138704836e62b0  FUELETH-aggTrades-2018-01.zip
data/spot/monthly/aggTrades/MANABTC/MANABTC-aggTrades-2018-01.zip,ea2cac03e3599c31d9f3a7cd255f4b719ca4bec1ec5510b85d4e5a233b1b1480  MANABTC-aggTrades-2018-01.zip,243e3513d3328565f7ae8ee3498c8cb9d045b54864ff723d3dee0710479694ca  MANABTC-aggTrades-2018-01.zip
data/spot/monthly/aggTrades/MANAETH/MANAETH-aggTrades-2018-01.zip,406990b779c3887f3e75afbd17171e011615ec9341b2f0bb9b7ac43179c62d32  MANAETH-aggTrades-2018-01.zip,67e7b8bb8ecb42a031764f6b35273a3e22153c0139e2c3e62893c7f4c86501de  MANAETH-aggTrades-2018-01.zip
data/spot/monthly/aggTrades/BCDBTC/BCDBTC-aggTrades-2018-01.zip,6fc60e5c3e7aac65af93f91ace604844972984a297d6035ae0b885d1d41a092f  BCDBTC-aggTrades-2018-01.zip,36f0f7c0ccce4ec840e92cf5eab64f95fe8c86089aa2a28a52903faf6b64519d  BCDBTC-aggTrades-2018-01.zip
data/spot/monthly/aggTrades/BCDETH/BCDETH-aggTrades-2018-01.zip,2b6b17b70aef84416b167271d630a02d6b42dde0379f5ab2da11225a07494446  BCDETH-aggTrades-2018-01.zip,ed822b72a7e457356e07766372e3541cee6627858b586157abaa01b123241589  BCDETH-aggTrades-2018-01.zip
data/spot/monthly/aggTrades/DGDBTC/DGDBTC-aggTrades-2017-12.zip,72b6c16d88cb56429bd0498ca656cfd12f7ad42ecdc976e095783bfa37ab5b7b  DGDBTC-aggTrades-2017-12.zip,3b31b25fe21f0efbfae249d7f16085555f3e0606ae75ac65232507d7c284aa42  DGDBTC-aggTrades-2017-12.zip
data/spot/monthly/aggTrades/DGDBTC/DGDBTC-aggTrades-2018-01.zip,58cfa40cb1b8371c9fcf37c5efdb6a29f002cb353df783825adb54a2ef710c4b  DGDBTC-aggTrades-2018-01.zip,1dbe32f551f23b393c8d48158f38619be9c00e1ad078a5d2561fe2827499255e  DGDBTC-aggTrades-2018-01.zip
data/spot/monthly/aggTrades/DGDETH/DGDETH-aggTrades-2018-01.zip,8bdf637b498f7dccc215883f963ecbe0a7b9321a79872637ab0e90e403fdb935  DGDETH-aggTrades-2018-01.zip,70dd2c4490664ba88b9214bd1c18f9c95ce102201003df157a446362c6b0bbff  DGDETH-aggTrades-2018-01.zip
data/spot/monthly/aggTrades/DGDETH/DGDETH-aggTrades-2018-02.zip,0814da9807750ed75b61593129249fc4578a7da24d47e75f33fa521a0720141a  DGDETH-aggTrades-2018-02.zip,c9c1766b3c1e0aef36853607ada02251ff3b4cdd3d375b27d369dc56521d1dc6  DGDETH-aggTrades-2018-02.zip
data/spot/monthly/aggTrades/DGDETH/DGDETH-aggTrades-2018-03.zip,cb85417aa9efda76ae945c4f559b780a262120a396b2ada900b8f5921d88bf3b  DGDETH-aggTrades-2018-03.zip,71079d927d515c51c21f68729afa916679f62a2b50d76a30f659083092c1f14b  DGDETH-aggTrades-2018-03.zip
data/spot/monthly/aggTrades/IOTABNB/IOTABNB-aggTrades-2018-01.zip,a23285a4fceb40e421a709c0ed316b07b878e509ada603831f057519e54e94ee  IOTABNB-aggTrades-2018-01.zip,d03b30793fb2aebd34fcd9f7a40926026e8a3159de6d6e386e75b8efb096550c  IOTABNB-aggTrades-2018-01.zip
data/spot/monthly/aggTrades/ADXBTC/ADXBTC-aggTrades-2018-01.zip,2dd381ed38de64a96fccdb330c93f3bbf4542933825351d279e842764237b02d  ADXBTC-aggTrades-2018-01.zip,de7a12999b5546b45ed35ae923c8130708bc915a6ea9daf2dbbff522ece9abe0  ADXBTC-aggTrades-2018-01.zip
data/spot/monthly/aggTrades/ADXETH/ADXETH-aggTrades-2018-01.zip,a0e31e32b6148349b6534a1fa00ce3b61df16f2f66a74959e19b5205afe6eadf  ADXETH-aggTrades-2018-01.zip,925749d095d2040b7ac18a346fad94c1ef8c7bdb07841e7c8a6d2246c0336719  ADXETH-aggTrades-2018-01.zip
data/spot/monthly/aggTrades/ADXBNB/ADXBNB-aggTrades-2018-01.zip,e842ec2ef64324436d26d221fd2d94d966773d50bdb8c4686a9dbe8a6debbcc3  ADXBNB-aggTrades-2018-01.zip,b1b921c02ced87da93f649959804a77432ce27e203244342e8f6a3c1b2976d17  ADXBNB-aggTrades-2018-01.zip
data/spot/monthly/aggTrades/ADABTC/ADABTC-aggTrades-2018-01.zip,2100c871fcccf21106890b396658583f370631ae8c8e2df199a916782e782ac6  ADABTC-aggTrades-2018-01.zip,9b8c450d8657389e1c5f0564fab961698ee6bd2aefd6447e3f8a8ab0fddaabf2  ADABTC-aggTrades-2018-01.zip
data/spot/monthly/aggTrades/ADABTC/ADABTC-aggTrades-2018-02.zip,13004792f7fe99836498c1c8088a59ed18b5942c7067f8001ca74539b66e9fb7  ADABTC-aggTrades-2018-02.zip,3cdea034e9e84cf6857265ceb42297e304cd1e5dab79e773ebb3e5102209d478  ADABTC-aggTrades-2018-02.zip
data/spot/monthly/aggTrades/ADABTC/ADABTC-aggTrades-2018-03.zip,ae2b5a1fa24a4dd7b3779289238f65d851b1cbdd0d3dea46bf5bb9d77a86d919  ADABTC-aggTrades-2018-03.zip,e3a50909b0545390c88423d5975c67b8c666c58bdbacb55fe9a59be14e65c864  ADABTC-aggTrades-2018-03.zip
data/spot/monthly/aggTrades/ADAETH/ADAETH-aggTrades-2017-12.zip,62c2d2e7024bc978814a0981f65df44e2ddd447598a50764b5d5910e15682052  ADAETH-aggTrades-2017-12.zip,407a45691df8ac359dc2386eaa940205aaada9c9d8fdb4290f2762ff2319de1d  ADAETH-aggTrades-2017-12.zip
data/spot/monthly/aggTrades/ADAETH/ADAETH-aggTrades-2018-01.zip,eab961c1a528c0ca789e7f2ae4f9125ea4cdc43489f6e59693a9da183f9ba007  ADAETH-aggTrades-2018-01.zip,6238c845172daddcc4b8ff285e74115d31d85ff535d0497414d6469514a6fdf2  ADAETH-aggTrades-2018-01.zip
data/spot/monthly/aggTrades/PPTBTC/PPTBTC-aggTrades-2018-01.zip,0fcd2daedaee662896cbf7abe645d259eb6334efbc0d22c8b6d1c139df56f512  PPTBTC-aggTrades-2018-01.zip,5cdbda294fbc46af794272947418b6dcda792af02fff10b0fc178b87e6e7417a  PPTBTC-aggTrades-2018-01.zip
data/spot/monthly/aggTrades/PPTETH/PPTETH-aggTrades-2018-01.zip,ea48b5ff30a86cfbf057e20cd87f50f6e326abc74729a43eb646a1544bbeca30  PPTETH-aggTrades-2018-01.zip,5c9969fb6894ad0bb6e59acbf82e1263b93ee25db50d2a28f87c53592d976d46  PPTETH-aggTrades-2018-01.zip
data/spot/monthly/aggTrades/CMTBTC/CMTBTC-aggTrades-2018-01.zip,1c860d7c7f0a5a0d97890f33c663029c452e79d18f14ae635c76578abbb8a7f7  CMTBTC-aggTrades-2018-01.zip,0cae94b320c10a5594e7a2bf76ed82242ef3b91b29820589a0f60d9298916a50  CMTBTC-aggTrades-2018-01.zip
data/spot/monthly/aggTrades/CMTETH/CMTETH-aggTrades-2018-01.zip,832655ce5eb817d5c27928dc1ee494f7b60e4b31d16f154ab2f5b3f481964a4a  CMTETH-aggTrades-2018-01.zip,01e62af842feef527744f3748ae773656ed8a599aeb96d2cbc746eb4357dadda  CMTETH-aggTrades-2018-01.zip
data/spot/monthly/aggTrades/CMTBNB/CMTBNB-aggTrades-2018-01.zip,afb219fa5c997f8455bcb6d5a9296d27641e596c8bf1df5056fa54cea6f4e951  CMTBNB-aggTrades-2018-01.zip,71ea3d6bd8d7990923759bfd195c1aa367ba4b389dfcd3b50c91f042f57d0f32  CMTBNB-aggTrades-2018-01.zip
data/spot/monthly/aggTrades/XLMBTC/XLMBTC-aggTrades-2018-01.zip,0cc51d0fac72df100d2734d141be4f451e86f214572fbc18e4feb5b605f1bccb  XLMBTC-aggTrades-2018-01.zip,46dd777841c585af346a23e2355e27e00bc621ffe95ab47db6f53b656720b294  XLMBTC-aggTrades-2018-01.zip
data/spot/monthly/aggTrades/XLMETH/XLMETH-aggTrades-2018-01.zip,5cf921c35804bcbdf94631fa6117a7ecd41a465c309705a69d5a5253ded68f1d  XLMETH-aggTrades-2018-01.zip,54330df37427a759caf6a4d716975ebb0c26ac25e618ed7396f4527dc1d8896e  XLMETH-aggTrades-2018-01.zip
data/spot/monthly/aggTrades/XLMBNB/XLMBNB-aggTrades-2018-01.zip,9492303a0007ade3b81818e47ea067a383dce6184e18ac1a933d37bbe72c5c1a  XLMBNB-aggTrades-2018-01.zip,1ecf4ae9d77011e82bff3d91ef5c510151eefa6b9a8003c716db54807b7b4493  XLMBNB-aggTrades-2018-01.zip
data/spot/monthly/aggTrades/CNDBTC/CNDBTC-aggTrades-2018-01.zip,07c52b1667e845c91a54908d67c20cb9ddf2655cb1739dafe0c23e3cdafddf8c  CNDBTC-aggTrades-2018-01.zip,389ba4fd475909852f4920cda6805aeb1b892c365fbb03db9e467483bd106b46  CNDBTC-aggTrades-2018-01.zip
data/spot/monthly/aggTrades/CNDETH/CNDETH-aggTrades-2018-01.zip,db0e1b6c7ed3f89a3008a9a41927168def78980c3b032754688d3222d8684c2e  CNDETH-aggTrades-2018-01.zip,1bb020361bd167ea4ffdb474b5c043245800140c87f787e6724746296a7b152f  CNDETH-aggTrades-2018-01.zip
data/spot/monthly/aggTrades/CNDBNB/CNDBNB-aggTrades-2018-01.zip,387b460ed2c825f9e141a20555a25bba060024507340cfb1b575379e55854fc0  CNDBNB-aggTrades-2018-01.zip,1282f4abd0edd26a3a255c1f2232138b8faa0093bc5da6ef28390b6b5e4ee8d8  CNDBNB-aggTrades-2018-01.zip
data/spot/monthly/aggTrades/LENDBTC/LENDBTC-aggTrades-2018-01.zip,467671c2fa5dbbf6952c5b34ec3df22632bf21a85c91450dc1508de63a912733  LENDBTC-aggTrades-2018-01.zip,5cafa06c7d43495abc86ce72aa9c955891269b7e4e01edbed62b654976041b89  LENDBTC-aggTrades-2018-01.zip
data/spot/monthly/aggTrades/LENDETH/LENDETH-aggTrades-2018-01.zip,33e3601736adfd1b12d94957df77b20728b96c732fac09b7376fae2acf113099  LENDETH-aggTrades-2018-01.zip,ae1d056c303636a7a8467e9011f10da3a6f65a0df6274ab779e6c91a4c822b41  LENDETH-aggTrades-2018-01.zip
data/spot/monthly/aggTrades/WABIBTC/WABIBTC-aggTrades-2018-01.zip,a8e3490fa77284a6d43b111f586390a0bf368bd9ff5448c6c300bc07dd11be8d  WABIBTC-aggTrades-2018-01.zip,bc5377f87f3cb68fb98a3b8e04cb381407da5c60e0cf2ce8296557453de1b4fb  WABIBTC-aggTrades-2018-01.zip
data/spot/monthly/aggTrades/WABIETH/WABIETH-aggTrades-2018-01.zip,0d09202700b5747f25598e8d5ac40771c0ad24b2bbf5441fa0744f4f2c82d8fc  WABIETH-aggTrades-2018-01.zip,f96d572a513098325bcb1d4e1bfd2704fc9781a247affe3dfac12b8de4900863  WABIETH-aggTrades-2018-01.zip
data/spot/monthly/aggTrades/WABIBNB/WABIBNB-aggTrades-2018-01.zip,976d121d2d034eb5b7bc778d5d3e754a205b3638c2ff6a7693185ca03a951684  WABIBNB-aggTrades-2018-01.zip,bf53d3e1021a254a6e70fbea1d302783430f97abf51c058fb8528072a840222d  WABIBNB-aggTrades-2018-01.zip
data/spot/monthly/aggTrades/LTCETH/LTCETH-aggTrades-2018-01.zip,7ef5b69c26235090708b011f3a61bbd9be1f9ceb47edac918703f5543a194b59  LTCETH-aggTrades-2018-01.zip,d63d4acd42d378dde8b8a06b1602a9cb700a1bd43596b84f9da80c1cf2835497  LTCETH-aggTrades-2018-01.zip
data/spot/monthly/aggTrades/LTCUSDT/LTCUSDT-aggTrades-2018-01.zip,79516a0bdad98e5aca06b4c63750b5c9d3627abb84d1ac1ea6a48a7bb2a7f7db  LTCUSDT-aggTrades-2018-01.zip,086921a6ca41cd5cb474c4f59bd210c3f25b9c2e0aa1cb137caecea3d11bb70c  LTCUSDT-aggTrades-2018-01.zip
data/spot/monthly/aggTrades/LTCBNB/LTCBNB-aggTrades-2018-01.zip,da2e853a95e091e742586b0986a89ece60da6c8c20607a5d1c6eb24dc55b146c  LTCBNB-aggTrades-2018-01.zip,20bd9c03eb2504d64e93790fcfa3228008f5c84011b6749bbada3d7fbd90d035  LTCBNB-aggTrades-2018-01.zip
data/spot/monthly/aggTrades/TNBBTC/TNBBTC-aggTrades-2018-01.zip,8fdb39905cc3de8a631a5e9f9928ccfa7440297974b192e445e88aa5934e89b3  TNBBTC-aggTrades-2018-01.zip,e4a1b154f2e817abc586c2e0eb3631336d96ef50a6b19a4c56a9de0a78e7ace2  TNBBTC-aggTrades-2018-01.zip
data/spot/monthly/aggTrades/TNBBTC/TNBBTC-aggTrades-2018-02.zip,8ccb0e3fd0b4d70c5e2a3b7a2b49c78adbaaa892db9cc40a516a7be5540ae52d  TNBBTC-aggTrades-2018-02.zip,1645e6d0d5f7fa913e75ecccd0c7dc16697072e06f0f82493c960dba45317e5d  TNBBTC-aggTrades-2018-02.zip
data/spot/monthly/aggTrades/TNBBTC/TNBBTC-aggTrades-2018-03.zip,16dacbd8a51a61bd3758ecbcbd0a1163993c7cdc330e7b5dde14658360b8454c  TNBBTC-aggTrades-2018-03.zip,f1355fdc2cb43c43f6107ded9625786f9edd269004a1bf671fa2dbe1b22f4201  TNBBTC-aggTrades-2018-03.zip
data/spot/monthly/aggTrades/TNBETH/TNBETH-aggTrades-2018-01.zip,41ec7c941eeff9c2499bfb10aea1f3bd84a5549ad40214b89f16644b1dbafec8  TNBETH-aggTrades-2018-01.zip,01eb3c73bc24628ac0a5c51fa8bb7a8dc7cc9475f08b50708943ede45b601b1c  TNBETH-aggTrades-2018-01.zip
data/spot/monthly/aggTrades/WAVESBTC/WAVESBTC-aggTrades-2018-01.zip,bd17822d6e3de0bb6b0211b0e26275d48135b2f48c8c3129fc39bc6e0230d549  WAVESBTC-aggTrades-2018-01.zip,5c98ec1be60d9e919b60fe4c0bace097347351416071638d0fb9ee8febc7bf39  WAVESBTC-aggTrades-2018-01.zip
data/spot/monthly/aggTrades/WAVESETH/WAVESETH-aggTrades-2018-01.zip,6a831416f7b75eb67514204f28d96b17b02dc27717ab5c78fdf0312887fc54cc  WAVESETH-aggTrades-2018-01.zip,8215425f89daf3ad76a550717ab87dc546bef5ecbaa9226c50aca93922799e80  WAVESETH-aggTrades-2018-01.zip
data/spot/monthly/aggTrades/WAVESBNB/WAVESBNB-aggTrades-2018-01.zip,798c3c0501e6984724f089ad267d591d45308ed7473ea96112e5a4073bae2ef6  WAVESBNB-aggTrades-2018-01.zip,1f8ae5c9a3fcd21d49dde9dc179f97d765a1a3b0866f7f416ffa4740d152c4bf  WAVESBNB-aggTrades-2018-01.zip
data/spot/monthly/aggTrades/GTOBTC/GTOBTC-aggTrades-2018-01.zip,e278168c7e18077cdbc38a5be131f1ae9c73e4e5656af02d2439e2163bdfc5b8  GTOBTC-aggTrades-2018-01.zip,f13b26cb34f1529a61c28ac7f7add17aa4d357db6de49562107d13c41572949b  GTOBTC-aggTrades-2018-01.zip
data/spot/monthly/aggTrades/GTOETH/GTOETH-aggTrades-2018-01.zip,b39cca50e55e956753980153ee4d7afb538a0c3b387face98b4e46737fb116d5  GTOETH-aggTrades-2018-01.zip,008dce3876715dfb06f7f90d4cedeef2b2a0bd63e22a160b24fc2cb812c7f493  GTOETH-aggTrades-2018-01.zip
data/spot/monthly/aggTrades/GTOBNB/GTOBNB-aggTrades-2018-01.zip,c1409de2768ceeb54d0c88bcaf03d6bd566600b7c8dc4621136dda1cdb0c16d7  GTOBNB-aggTrades-2018-01.zip,c67402c7e5c89eb9c9b3ff801807da6c2ee284aefb132869f1d67e97460cf177  GTOBNB-aggTrades-2018-01.zip
data/spot/monthly/aggTrades/ICXBTC/ICXBTC-aggTrades-2018-01.zip,0786c4746082ae6b7b16f9f9eea49aed07aa66fee84d278e15b685aec5497f0f  ICXBTC-aggTrades-2018-01.zip,fc15e4d2dc9fb9f66af1033afa2a1b8aae6e08f9f6507e59ad4f65e1bc9fa4ac  ICXBTC-aggTrades-2018-01.zip
data/spot/monthly/aggTrades/ICXETH/ICXETH-aggTrades-2018-01.zip,38d8573e9c7439a457784d07c5595b13b5fb592d404fe267cbf0136422ab1866  ICXETH-aggTrades-2018-01.zip,c88fe4bd60ae8f719daa688c9a551d8b4d5687fcc3a581b52209c40f6af75430  ICXETH-aggTrades-2018-01.zip
data/spot/monthly/aggTrades/ICXBNB/ICXBNB-aggTrades-2018-01.zip,f68f8779e92d43d0f0cf8e56b5bfd9a4781d3a31126d755362653f6b448cd838  ICXBNB-aggTrades-2018-01.zip,6c68bc3e2a7fa6cd3fe83236e989618a1cb6c73dd36b36be5ee0ed8434dd9095  ICXBNB-aggTrades-2018-01.zip
data/spot/monthly/aggTrades/OSTBTC/OSTBTC-aggTrades-2018-01.zip,91ae92bdde33895de142da46a91da00ac0fff8105f891fbe47ff676925b2bf31  OSTBTC-aggTrades-2018-01.zip,03141b896b2882f12a791842a8799b23611b5a0890d06cbb7f45d174e07b5e0a  OSTBTC-aggTrades-2018-01.zip
data/spot/monthly/aggTrades/OSTETH/OSTETH-aggTrades-2018-01.zip,3cd45ede111ad6d183f31ec4ad1e51cfef144796edfd65e3ccd6d1cf39378e90  OSTETH-aggTrades-2018-01.zip,29f61c15b1969239133f5e30746fa67b867f0d80121af3bb94b2eeedac8a509b  OSTETH-aggTrades-2018-01.zip
data/spot/monthly/aggTrades/OSTBNB/OSTBNB-aggTrades-2018-01.zip,8c8833a83827905e277184b37757a39df0917cd45feabb9aa6d1a697b538e17a  OSTBNB-aggTrades-2018-01.zip,f9d74ebe47f18ee34fefbb68233f7d15d8e27c606c4b105e7452380e6e31e901  OSTBNB-aggTrades-2018-01.zip
data/spot/monthly/aggTrades/ELFBTC/ELFBTC-aggTrades-2018-01.zip,ba9a9c0054dfde04384dd2b1ca2d479a11fb068b7dceca4fd00b2405caa35f56  ELFBTC-aggTrades-2018-01.zip,82151be85a16ac2829135519df2df1a2275db9f78bfec1def3621872e2073ab5  ELFBTC-aggTrades-2018-01.zip
data/spot/monthly/aggTrades/ELFETH/ELFETH-aggTrades-2018-01.zip,f052c845ae33198a84f7cb9b91892cb72cd41c006ce6d7039b4252c894a2f33e  ELFETH-aggTrades-2018-01.zip,c01473e2a03a53b81565f35074ca718cf90b74595647596d366fb83583c647e6  ELFETH-aggTrades-2018-01.zip
data/spot/monthly/aggTrades/AIONBTC/AIONBTC-aggTrades-2018-01.zip,165b630842d0da812bcec84dc39955cd32c8277788e75e1352126dadd49a7e42  AIONBTC-aggTrades-2018-01.zip,1c7e02f9dc1a36880b1e1700206c7e499c2e8279f581eb56dd9aca96365cb9b5  AIONBTC-aggTrades-2018-01.zip
data/spot/monthly/aggTrades/AIONETH/AIONETH-aggTrades-2018-01.zip,45534f1f34ffe6ed173f729ac2620a145e5496804299bb597f7d2ad5aec84da5  AIONETH-aggTrades-2018-01.zip,3d70a2c1f0f1e9a3d5517c455de17f7769604a295f0e4fe6100ce2be58bfa575  AIONETH-aggTrades-2018-01.zip
data/spot/monthly/aggTrades/AIONBNB/AIONBNB-aggTrades-2018-01.zip,68e5a71f20ff264f714a4160b8d1be7adaf53940c7462c6a737c2617a416da7b  AIONBNB-aggTrades-2018-01.zip,a46439b805e3dd9232d01db4d5a38ef51b35c6430dad08cfc41ba5dc4409ac34  AIONBNB-aggTrades-2018-01.zip
data/spot/monthly/aggTrades/NEBLBTC/NEBLBTC-aggTrades-2018-01.zip,916587d47f8b6a9c74ecd180e4dc849851fa2363e23e419c2d3fbc226a777b68  NEBLBTC-aggTrades-2018-01.zip,eb20e71a444e8d34920f526ec753580d49a29e1f27ddd18cfa97417dfa814e12  NEBLBTC-aggTrades-2018-01.zip
data/spot/monthly/aggTrades/NEBLETH/NEBLETH-aggTrades-2018-01.zip,665752a21aa1c03d8f374632da5b6a8a57ee862f61b775cacea6fd6b0230281d  NEBLETH-aggTrades-2018-01.zip,765f360c48344615acdbffd67b339c7b56bf19f3cb26f6e15a4ae690945a442b  NEBLETH-aggTrades-2018-01.zip
data/spot/monthly/aggTrades/NEBLBNB/NEBLBNB-aggTrades-2018-01.zip,5cbde46f31bf4621c7ff201fac3481414b27a931806c18764b0293eaff1f1f31  NEBLBNB-aggTrades-2018-01.zip,1c8e1179ef7ea85f44ed47d539110c3c53e595f5677f94d5211078c58ceb7ba5  NEBLBNB-aggTrades-2018-01.zip
data/spot/monthly/aggTrades/BRDBTC/BRDBTC-aggTrades-2018-01.zip,1fc2d3051feeed37b6d70e5822b92a38844cd7fcce8d5f06b29e1d0f1cee40f6  BRDBTC-aggTrades-2018-01.zip,80b827934846c94e26d87e039ce2627e2c0f85c579c51d9f20cfca611a267dfb  BRDBTC-aggTrades-2018-01.zip
data/spot/monthly/aggTrades/BRDETH/BRDETH-aggTrades-2018-01.zip,18fefd3c90d86662a164815952404d5351e7f0627ddf1e83f9e5095effa40887  BRDETH-aggTrades-2018-01.zip,a0ecbd6408e8e2b7c823eb4b40960273ac16d56263dbb774f206863c890f5469  BRDETH-aggTrades-2018-01.zip
data/spot/monthly/aggTrades/BRDBNB/BRDBNB-aggTrades-2018-01.zip,475191746e75f3cb4023e7846a44e6d431117c49f1035ef61bca3629bb2b587f  BRDBNB-aggTrades-2018-01.zip,41a02a4d7b26a52c1b4de76fb9f1df0268faf1607d260b56ee51cc5e01ac6f45  BRDBNB-aggTrades-2018-01.zip
data/spot/monthly/aggTrades/EDOBTC/EDOBTC-aggTrades-2018-01.zip,3b05db41b8c5f8b9afef46af70d73eb989d923391d16a7570296791b76a6a4af  EDOBTC-aggTrades-2018-01.zip,a8bc4547f9d97f514cea59ab8f9f0d4c75da161f38775b3be647c4c635fa08e7  EDOBTC-aggTrades-2018-01.zip
data/spot/monthly/aggTrades/EDOETH/EDOETH-aggTrades-2018-01.zip,ea7a088e8002699984888684a9ca623753b623aa8b5e99ae989f50fdce78fbf7  EDOETH-aggTrades-2018-01.zip,36cfae420942bd59e461c3d5698675486368d2f98c04b2e25984171fd29eafd5  EDOETH-aggTrades-2018-01.zip
data/spot/monthly/aggTrades/WINGSBTC/WINGSBTC-aggTrades-2018-01.zip,f6ccaebf1ffc76ebf505e3c3ad16b2bd8d2c4a825f6c3f3c8dd1a5595ab1cee1  WINGSBTC-aggTrades-2018-01.zip,573d9d713874e6749b4acef2f63ae874db0aea5ce9ac0634ed4f79ba5dbb58d4  WINGSBTC-aggTrades-2018-01.zip
data/spot/monthly/aggTrades/WINGSETH/WINGSETH-aggTrades-2018-01.zip,0367ff4631cd344fa090b8d1d691a95de2dd2ab0d737ce2ae42097f0822d2825  WINGSETH-aggTrades-2018-01.zip,f53d60ddfd5d09ec1f8d7176ea8231f778a50046ad39005c46c3f208a1defd76  WINGSETH-aggTrades-2018-01.zip
data/spot/monthly/aggTrades/NAVBTC/NAVBTC-aggTrades-2018-01.zip,4b14480aee1d86aeb8e49e7eed8ef7fbff11dd20800dbfd01326a25837e3c099  NAVBTC-aggTrades-2018-01.zip,5e988a3820e472e1071b3f067e28713965e39e6f63fc33c029723bda95ea5f26  NAVBTC-aggTrades-2018-01.zip
data/spot/monthly/aggTrades/NAVETH/NAVETH-aggTrades-2018-01.zip,2b07f0387ec8b9eba7441c1be6c1bea63d55802e318d05982cd41e07174127a6  NAVETH-aggTrades-2018-01.zip,183c308edef8c8284d7b1cae4ee8a15d9d165f87b505a4dba380b506bb74b745  NAVETH-aggTrades-2018-01.zip
data/spot/monthly/aggTrades/LUNBTC/LUNBTC-aggTrades-2018-01.zip,3e1ae28978044a5e14e60100b6a00c3aa766d3dd2dfd83666253438ced04b774  LUNBTC-aggTrades-2018-01.zip,8b1b003737f23c67961d243f86d64c04025f1f22c9262d6125a2b0d8db279a31  LUNBTC-aggTrades-2018-01.zip
data/spot/monthly/aggTrades/LUNETH/LUNETH-aggTrades-2018-01.zip,313976a438bfabacd07a047cacf057be7412b937d0bb311cdba6e03f4ae550dc  LUNETH-aggTrades-2018-01.zip,35dfba5d5ba443155bdb77a064cb1a36a6048e48992bba993015f569465f71a4  LUNETH-aggTrades-2018-01.zip
data/spot/monthly/aggTrades/TRIGBTC/TRIGBTC-aggTrades-2018-01.zip,c9311e85eaed5ceb9a5eb34bf776fd3364f325528e821cd708b7068882fd4c25  TRIGBTC-aggTrades-2018-01.zip,d4853cd8ebe9d290b48ff7afde0e6e6b7f381cf90f3c6d04bbcb1b4f0f76ac7f  TRIGBTC-aggTrades-2018-01.zip
data/spot/monthly/aggTrades/TRIGETH/TRIGETH-aggTrades-2018-01.zip,349a240a242d1a42c17db601179db0fe5f5c6228080930432e0d355eb8f4ca5b  TRIGETH-aggTrades-2018-01.zip,d159f1b0a1af07bfe70d7280f375832629caafc2c3a30851f96aee46aa48236f  TRIGETH-aggTrades-2018-01.zip
data/spot/monthly/aggTrades/TRIGBNB/TRIGBNB-aggTrades-2018-01.zip,3d7cbbad69fac0e23a0942f684aa2b911cffc0cad0d8efb6a4847dce325cebfc  TRIGBNB-aggTrades-2018-01.zip,62883f07eaf31be2fcf1a69c6c645fa5eb820734b2781d08b9c264cff827eba8  TRIGBNB-aggTrades-2018-01.zip
data/spot/monthly/aggTrades/APPCBTC/APPCBTC-aggTrades-2018-01.zip,9061be67d2e26e98bdd5db67f39f00c7cf849b9cf6cdb3057672f61c2d8d83b6  APPCBTC-aggTrades-2018-01.zip,7e6e31671c0a62dcbbb9aee3995429387c1cd3fbc7bc2e2bb9b36d36c621123a  APPCBTC-aggTrades-2018-01.zip
data/spot/monthly/aggTrades/APPCETH/APPCETH-aggTrades-2018-01.zip,54711fc9dbdd40e0c7d7c440b9bcf3cb7c803be76b3a9429a95ccc86dc26247c  APPCETH-aggTrades-2018-01.zip,9efb6e161b0425d0f9c59c91be0c8f8bb4bf6ee0470c82f4f82e689cc0259b8d  APPCETH-aggTrades-2018-01.zip
data/spot/monthly/aggTrades/APPCBNB/APPCBNB-aggTrades-2018-01.zip,67e3d074b65e5ad78ab95563e301f28caac547098bdba9cac37161e1a105749e  APPCBNB-aggTrades-2018-01.zip,ab67e14ca676a33dbe647ee623e65ec16dcd61777c64535fc56ecd72bb12a13c  APPCBNB-aggTrades-2018-01.zip
data/spot/monthly/aggTrades/VIBEBTC/VIBEBTC-aggTrades-2018-01.zip,2238d21e7d72c28c8593798fff4e762b77256650f31dfa43c2c09294f222522c  VIBEBTC-aggTrades-2018-01.zip,70bc3858ae8e3eb6d1c72d5f82e6701a98579ea44c5ab12620a9a5bb055e5e7f  VIBEBTC-aggTrades-2018-01.zip
data/spot/monthly/aggTrades/VIBEETH/VIBEETH-aggTrades-2018-01.zip,139b13c3ac120ea1e33d7ce326bdebe75abd3c08396a11dee46c5a07ed8d86d5  VIBEETH-aggTrades-2018-01.zip,7b0382e7b3765208a3843cc7aeded8069bd0df2427802376a9b0468a9b69464b  VIBEETH-aggTrades-2018-01.zip
data/spot/monthly/aggTrades/RLCBTC/RLCBTC-aggTrades-2018-01.zip,c80328e2b110b8c4bbc03cc9b7d39b3ff45dd53eab2ea5dfceff240dee5e0ae2  RLCBTC-aggTrades-2018-01.zip,3be3ee9a06c663e104d86670d40e70ba3137180355f0eb29b069c36124c7da1d  RLCBTC-aggTrades-2018-01.zip
data/spot/monthly/aggTrades/RLCBTC/RLCBTC-aggTrades-2018-02.zip,29e353f3d80ea9cab5903c04abd262685320ede60ad3a1ce0182a1fa03fafa29  RLCBTC-aggTrades-2018-02.zip,5c7c96207d1554e56e01c5e6a9909e9dee981892c71eafd8a9e3cc671f3006e4  RLCBTC-aggTrades-2018-02.zip
data/spot/monthly/aggTrades/RLCBTC/RLCBTC-aggTrades-2018-03.zip,2ece0d66ec2e8e74015fcd85dde6bb51f8dc251fb8711e424686c0ea7d51ef93  RLCBTC-aggTrades-2018-03.zip,daadd81e68be2863ea5a9d3aca3af02ac44cc85367e3a7cabdc6eb2fe71509b8  RLCBTC-aggTrades-2018-03.zip
data/spot/monthly/aggTrades/RLCETH/RLCETH-aggTrades-2018-01.zip,6214e4a3e8afc49457aad0b75a74f047383107bdd5caf03e0eccdcd8506367a0  RLCETH-aggTrades-2018-01.zip,1974e54f9a9424933dd8addaccbf495ee12c96fd2fddeb1415ae710410b40a23  RLCETH-aggTrades-2018-01.zip
data/spot/monthly/aggTrades/RLCBNB/RLCBNB-aggTrades-2018-01.zip,014c93d30e8069881b4022c5e051d44847bab0f093aec6bf632721ac71926a25  RLCBNB-aggTrades-2018-01.zip,149774b3267d81885f4bb830c178fc1b9ab1c4df8de22b29faf6b3ec0a18b3e6  RLCBNB-aggTrades-2018-01.zip
data/spot/monthly/aggTrades/NCASHBTC/NCASHBTC-aggTrades-2018-03.zip,ad9861dd2a12b3737019a33bb626210dd73f536b7358af51f18858290979ce33  NCASHBTC-aggTrades-2018-03.zip,c59201380b8819ea51990879a1bf829309f50eaef46e53e04a70d77ef349a8ed  NCASHBTC-aggTrades-2018-03.zip
data/spot/monthly/aggTrades/NCASHBTC/NCASHBTC-aggTrades-2018-04.zip,acf1c2407985604ca10fe9ea7bf7ff79928495c9cd5a35e6c7f2c5b35eb5e3ff  NCASHBTC-aggTrades-2018-04.zip,454d134a28530b792c61cdb57ce072f1ae9ecf65268b1340c95520428991f1de  NCASHBTC-aggTrades-2018-04.zip
data/spot/monthly/aggTrades/NCASHBTC/NCASHBTC-aggTrades-2018-05.zip,4ed61276ec38a465a359b1fc0882cf6f06d7ff8561e45cac9c0d67af1871056d  NCASHBTC-aggTrades-2018-05.zip,0d9880abed87a0e6ac24727776a74451085d793e0f3974bae9d1619c3e0bf89c  NCASHBTC-aggTrades-2018-05.zip
data/spot/monthly/aggTrades/NCASHBTC/NCASHBTC-aggTrades-2018-06.zip,6a0e8ae51f3d5d3a4fdf31a3f1652127e24e03950a1f6bd52e70a6cf1a9f5725  NCASHBTC-aggTrades-2018-06.zip,1a3048d8e1487d16475064f8dd57cbe38a65b05d086a09b76eddf8ddc89c15b0  NCASHBTC-aggTrades-2018-06.zip
data/spot/monthly/aggTrades/NCASHBTC/NCASHBTC-aggTrades-2018-07.zip,7a4054d96f270129345f5ee098bc2966cdf66305779d11e2486577325801e2c0  NCASHBTC-aggTrades-2018-07.zip,1f1670488c53c39f46d9581b21e5b9be9df3671cc1246b7e0048b6c932803dc3  NCASHBTC-aggTrades-2018-07.zip
data/spot/monthly/aggTrades/NCASHBTC/NCASHBTC-aggTrades-2018-08.zip,5fa2348497393478dc41dd328fbc283476d619b9b109f2073ac3dc9619eb5440  NCASHBTC-aggTrades-2018-08.zip,88f143bffc0cfb4f3afe1c03adda3aa1255ec4b1b244dc76f8417b3cddfbcdf2  NCASHBTC-aggTrades-2018-08.zip
data/spot/monthly/aggTrades/NCASHBTC/NCASHBTC-aggTrades-2018-09.zip,cff0e8cb762c149fe2ae51f3044ef1b16af667500631e185f8cfa79aabc69ddc  NCASHBTC-aggTrades-2018-09.zip,2a300d642054e96e3ec4825827696cf314f0afa61a3a37344ca7cfa7e215b148  NCASHBTC-aggTrades-2018-09.zip
data/spot/monthly/aggTrades/NCASHBTC/NCASHBTC-aggTrades-2018-10.zip,1f1727c6e8eff47702893d50661de975d2cd69ffb77366cc5a46a7dd672e3157  NCASHBTC-aggTrades-2018-10.zip,883c61b74ba3715996c6eb7e1c10d3852d30a362edbabdb43efb138c1704f572  NCASHBTC-aggTrades-2018-10.zip
data/spot/monthly/aggTrades/NCASHBTC/NCASHBTC-aggTrades-2018-11.zip,4e00ce07ad005fde94c77def110fa3355971614bbdd4caf5b2f4808c14d0c6cb  NCASHBTC-aggTrades-2018-11.zip,876c0df0f9c62eb4d7aae2750c7149062a6d7f7289faec882f4c501c924a128a  NCASHBTC-aggTrades-2018-11.zip
data/spot/monthly/aggTrades/NCASHBTC/NCASHBTC-aggTrades-2018-12.zip,41c5f8ddedac59772b366b7444aa527554e526f043a68ad4280cda99d2f4a0f8  NCASHBTC-aggTrades-2018-12.zip,c16e76e509880dab1198f39929c2695d5856616d57d9581782a0f588f54d7473  NCASHBTC-aggTrades-2018-12.zip
data/spot/monthly/aggTrades/NCASHBTC/NCASHBTC-aggTrades-2019-01.zip,50ad5a8a500c744d13d39a3ec18e19e3659c4618ab14a2ea1dbf866e966870cd  NCASHBTC-aggTrades-2019-01.zip,41e51cabc5aa801cb159a38db2ce7dde70b34d6751597d8ab3252435ae786434  NCASHBTC-aggTrades-2019-01.zip
data/spot/monthly/aggTrades/NCASHBTC/NCASHBTC-aggTrades-2019-02.zip,18035253e8c1aed3383c01cd92fad328940b85afa2ddb72cd070727f3718a5ca  NCASHBTC-aggTrades-2019-02.zip,a1616095f181ebdd3174cca7a665acf1c60f0d673069ec0b36b08a1f71a6f00a  NCASHBTC-aggTrades-2019-02.zip
data/spot/monthly/aggTrades/NCASHBTC/NCASHBTC-aggTrades-2019-03.zip,24900097c88278662c342fea39767640eddb04d46a48415cca3279dfe6f79d3c  NCASHBTC-aggTrades-2019-03.zip,5bf4ac01e29b89b9f339bde266bdcce8fff40065cbe39f46d22245070a6ad13f  NCASHBTC-aggTrades-2019-03.zip
data/spot/monthly/aggTrades/NCASHBTC/NCASHBTC-aggTrades-2019-04.zip,0f89d0de040dd9683659ba656f37a2612cc51347053c0a7301f71bdde893c79b  NCASHBTC-aggTrades-2019-04.zip,686ca65a191cc769520ff4332037dd4a0dab38570a16adb77676b89441f1d40a  NCASHBTC-aggTrades-2019-04.zip
data/spot/monthly/aggTrades/NCASHBTC/NCASHBTC-aggTrades-2019-05.zip,db8db0f86b31325ea387042bf44774a1751152955bdcc47680361ce1158fc0e3  NCASHBTC-aggTrades-2019-05.zip,0aed27da2e6ff40e70b99a4f86bfc5ac0174d4b5bff5bc14eff06b7f7964074a  NCASHBTC-aggTrades-2019-05.zip
data/spot/monthly/aggTrades/NCASHBTC/NCASHBTC-aggTrades-2019-06.zip,135e97f927cbacb90780de42c7a5cf266147fe7459374ae29a68637fc3ce6b27  NCASHBTC-aggTrades-2019-06.zip,14851170cf67a45444d4c28ddec6da2d9181263941615319a7c051bc506e8fa7  NCASHBTC-aggTrades-2019-06.zip
data/spot/monthly/aggTrades/NCASHBTC/NCASHBTC-aggTrades-2019-07.zip,36cbfcafb016c659aedaf31466ec69ccfe3d793035076759070b9c65b7350ca1  NCASHBTC-aggTrades-2019-07.zip,4893f7fa96c256a3e9ce7cfcb88a74a3ced46192a56d0ac1f5fd29707cdc3c5c  NCASHBTC-aggTrades-2019-07.zip
data/spot/monthly/aggTrades/NCASHBTC/NCASHBTC-aggTrades-2019-08.zip,8b6655cd377ddfd36c0805d4fb6e8318e1a1c41e353d6f410c48c50fc9f54363  NCASHBTC-aggTrades-2019-08.zip,ddd549716c944ae6c0d9a49bcddb3374c36dcf81899b6a57c29ffe8e87a55170  NCASHBTC-aggTrades-2019-08.zip
data/spot/monthly/aggTrades/NCASHBTC/NCASHBTC-aggTrades-2019-09.zip,6f2296077feecd0278f33aa96dada150cef5c5fa397bb4da5cd15ebeb12784dd  NCASHBTC-aggTrades-2019-09.zip,28ad2c01923d7d48f35b3f898025291c806e5f48e4a60caa6d6f0faabace76a5  NCASHBTC-aggTrades-2019-09.zip
data/spot/monthly/aggTrades/NCASHBTC/NCASHBTC-aggTrades-2019-10.zip,03bc996fba191d90ceea2069b9cdd55f5081a58d724d21ce46f71038993376ea  NCASHBTC-aggTrades-2019-10.zip,9dedf5ccfa2d819bf9b3a27fb919d92a7dde159c594377cc7125543d337427c5  NCASHBTC-aggTrades-2019-10.zip
data/spot/monthly/aggTrades/NCASHBTC/NCASHBTC-aggTrades-2019-11.zip,3e4bb578108238d9a6c9cff63aa7f8a8bdba3bf16c6b2a814d49679a86005e6c  NCASHBTC-aggTrades-2019-11.zip,52f42c4059ad9e8fd9855e23d48e623bce9a32ede11b3c9fbcc6ee815422fe36  NCASHBTC-aggTrades-2019-11.zip
data/spot/monthly/aggTrades/NCASHBTC/NCASHBTC-aggTrades-2019-12.zip,7fa41e10333b0cb5888ebb89e5ebeae4563e6d76c7eddb1e757dd70fff095a6d  NCASHBTC-aggTrades-2019-12.zip,e7ad12f9f5859c304a7b6628ad224bdee107a38526fd3184db189d66850957fe  NCASHBTC-aggTrades-2019-12.zip
data/spot/monthly/aggTrades/NCASHBTC/NCASHBTC-aggTrades-2020-01.zip,c25dfb0c60760bea06f6f16e1c233a765cde11a63cd87381a379df9427c6e444  NCASHBTC-aggTrades-2020-01.zip,ecaa9e818b3046db356aeae4de02eead5ca32c2c1d4cb65de0c50d4dd4e435f3  NCASHBTC-aggTrades-2020-01.zip
data/spot/monthly/aggTrades/NCASHBTC/NCASHBTC-aggTrades-2020-02.zip,077c5b26b3506f947151f409b25c2e415b636014fe18238bd5d2fb5faa775c94  NCASHBTC-aggTrades-2020-02.zip,e5f8d5469fc2bd0415f193a0580b1a9fa780a13526080e362478a44e2a4cd453  NCASHBTC-aggTrades-2020-02.zip
data/spot/monthly/aggTrades/NCASHBTC/NCASHBTC-aggTrades-2020-03.zip,2a461eb2ac59d68eec3c462680f5187ef98d97a60d4154a8fcc725634253c709  NCASHBTC-aggTrades-2020-03.zip,c244b86bf3bf46becf9e3fb515ae04a8ef2f1c2aac6a2011c17c2be7430043b4  NCASHBTC-aggTrades-2020-03.zip
data/spot/monthly/aggTrades/NCASHBTC/NCASHBTC-aggTrades-2020-04.zip,46cb522594231862e4ddb901e7c2641b73d2b54240037aeb31669c8449114649  NCASHBTC-aggTrades-2020-04.zip,073e44106c7d6f4c88178bc937cad1a06b110e9afc9960d54f4d74a042441704  NCASHBTC-aggTrades-2020-04.zip
data/spot/monthly/aggTrades/ZILBTC/ZILBTC-aggTrades-2018-03.zip,d21e463cb6b86ba673921e4a5d251adb2eca090007f6b4e2ebd84c3a8f98563f  ZILBTC-aggTrades-2018-03.zip,7ef8a65b33c948391074e7f0976123e335d230ee1e04c36157fb2d2815339aaa  ZILBTC-aggTrades-2018-03.zip
data/spot/monthly/aggTrades/ZILBTC/ZILBTC-aggTrades-2018-04.zip,033977a2271976898f91cc7628418749217b9a2ccb79f3b25462a124b112d7a7  ZILBTC-aggTrades-2018-04.zip,c79cb20801915e447da98e034ee9cf5c73e63efd7d63706b86b2042d4a054d6d  ZILBTC-aggTrades-2018-04.zip
data/spot/monthly/aggTrades/ZILBTC/ZILBTC-aggTrades-2018-05.zip,b987689dcf243d4b5919e0bd129ea44de6ff00eac9b045688cac62dc59b4289f  ZILBTC-aggTrades-2018-05.zip,262561b64918aa9ee031bac53153dbabd93fc90d0b1e1a28c5c3b5c196aa323b  ZILBTC-aggTrades-2018-05.zip
data/spot/monthly/aggTrades/ZILBTC/ZILBTC-aggTrades-2018-06.zip,a167c1f0167edc716ac2c703a56fcb7b5c4d2ed3f0547460f13233028002c6a1  ZILBTC-aggTrades-2018-06.zip,ec242a01e044b8ec21cc0a922d55022df7a5724531ef59a5c0b47a94332ab01a  ZILBTC-aggTrades-2018-06.zip
data/spot/monthly/aggTrades/ZILBTC/ZILBTC-aggTrades-2018-07.zip,a6a3f93521ba6bc7b968e41715c9e4fe7bd28c3ab221c362ec17c37624ff00f5  ZILBTC-aggTrades-2018-07.zip,23e907dac60f31d704b317d3cebe9f9ecb2b5a27070981c32231c06818218d8d  ZILBTC-aggTrades-2018-07.zip
data/spot/monthly/aggTrades/ZILBTC/ZILBTC-aggTrades-2018-08.zip,6b575f1141aa7142650ebb359a7920676c0e4b5e0f687b2090ad97bd053804e0  ZILBTC-aggTrades-2018-08.zip,9749cb264fba6023d970f5c0ce1fb5d5ef3b91d8cbaa8880c45710be987e04ba  ZILBTC-aggTrades-2018-08.zip
data/spot/monthly/aggTrades/ZILBTC/ZILBTC-aggTrades-2018-09.zip,38c61d9d4bdf0e323d5cb2e188267b9c1305a0016b04ed4fa882f5bfc98e7b86  ZILBTC-aggTrades-2018-09.zip,45d49c9a1c616ca321fe56a3a0a093d0dd937e931e2ccce83072ef8b7cff65da  ZILBTC-aggTrades-2018-09.zip
data/spot/monthly/aggTrades/ZILBTC/ZILBTC-aggTrades-2018-10.zip,dd02f315c84187b8896be67197f03096758f73ae3ed0f41c0f05580e7a02bee8  ZILBTC-aggTrades-2018-10.zip,18b93a160093bf02bca68c64ed668c1ea695ff1bc9bc82700cd37d123286736d  ZILBTC-aggTrades-2018-10.zip
data/spot/monthly/aggTrades/ZILBTC/ZILBTC-aggTrades-2018-11.zip,1497ae276ca78fdc85086bbc918b61ee4f5f25c19e82f5ed857b5de86ede24ad  ZILBTC-aggTrades-2018-11.zip,a81779e586fbc18b01f94e0bed64a441fb9cc8f102c0cca84e0d83e655c320e0  ZILBTC-aggTrades-2018-11.zip
data/spot/monthly/aggTrades/ZILBTC/ZILBTC-aggTrades-2018-12.zip,c8659ba4f8e40d83426ba8d06bb2c2a2353584f9c0344357f4b87d5f16410a17  ZILBTC-aggTrades-2018-12.zip,b0a792d93cf1c0b93ccf26e751306290ab0e0f89aea124bb92c5f0773edd8df1  ZILBTC-aggTrades-2018-12.zip
data/spot/monthly/aggTrades/ZILBTC/ZILBTC-aggTrades-2019-01.zip,43ebb32bdc1a06e20749f6fedee6d904ad588ec6bb6ae805f6f7245eb83ec9f3  ZILBTC-aggTrades-2019-01.zip,2a38e07db90c9fb76a3013f75642650c5774db0e81c935d0356ed5c7365a0059  ZILBTC-aggTrades-2019-01.zip
data/spot/monthly/aggTrades/ZILBTC/ZILBTC-aggTrades-2019-02.zip,33474eec1175ffbdc26ee6da6538e47c8f333525abc268b2ce610ae15678c009  ZILBTC-aggTrades-2019-02.zip,dc5b2d65ae2179f0a295ddf9594a27f8aaa8a17d3e34a53f4cb4720b4bc67e96  ZILBTC-aggTrades-2019-02.zip
data/spot/monthly/aggTrades/ZILBTC/ZILBTC-aggTrades-2019-03.zip,d7b69448acf35d540b5f068f5e62d5041cf8f862230ed8cfb2716c5b6e6cae04  ZILBTC-aggTrades-2019-03.zip,1d34e86e74561ec57a43ba9030eb39c792eee80015a3b281b3079004fc8c7331  ZILBTC-aggTrades-2019-03.zip
data/spot/monthly/aggTrades/ZILBTC/ZILBTC-aggTrades-2019-04.zip,58623d8cf5c454f518ae39ae978944d395437001b9e9960f18053c6f80a3ba7b  ZILBTC-aggTrades-2019-04.zip,4af24eed8c51d28aaa1ca9aba4e0985e3611363c89b97d3a333ead1788a95ed1  ZILBTC-aggTrades-2019-04.zip
data/spot/monthly/aggTrades/ZILBTC/ZILBTC-aggTrades-2019-05.zip,1cf9d13f44bd9b0a3b30b368c6a35dd422b251d5989ce7c6ca7fd0713b5b921f  ZILBTC-aggTrades-2019-05.zip,7295f57e22ee269dd4acee24debee61c817de12a8b3fa5ccc5c068349b07611d  ZILBTC-aggTrades-2019-05.zip
data/spot/monthly/aggTrades/ZILBTC/ZILBTC-aggTrades-2019-06.zip,0083198f2adbb347bd23d8c902812c84f2b5d5c8b102d7155ffb75f6256f8cb8  ZILBTC-aggTrades-2019-06.zip,4032b65c00e4d2226616da7b7d21c7ae45c9a4f744efbcbb53cfef03860cf7eb  ZILBTC-aggTrades-2019-06.zip
data/spot/monthly/aggTrades/ZILBTC/ZILBTC-aggTrades-2019-07.zip,bd939f24488e397ff92c8c107076be73f78716409280a12215b2e80c95a43633  ZILBTC-aggTrades-2019-07.zip,59444c7f5b32a570114db4d9e357d0a2cf576f504df4cf6ffd87ae6d64e0342e  ZILBTC-aggTrades-2019-07.zip
data/spot/monthly/aggTrades/ZILBTC/ZILBTC-aggTrades-2019-08.zip,314ad49e02de54253e85b72b924de741c48004ac844b290aae616c65b72ced3e  ZILBTC-aggTrades-2019-08.zip,f1578a9bfbafe021b0346d13a4caabc0f4c0654a6201e0307205222d27683178  ZILBTC-aggTrades-2019-08.zip
data/spot/monthly/aggTrades/ZILBTC/ZILBTC-aggTrades-2019-09.zip,59c3a5c2d141be20242af0b81c01f9b0f6c6c0caafd0d121866216aaa2e41bea  ZILBTC-aggTrades-2019-09.zip,edb620ea9e8e4e550fb227808dd76ff875651265ac5e51d5ca2e9fe214b2c3b9  ZILBTC-aggTrades-2019-09.zip
data/spot/monthly/aggTrades/ZILBTC/ZILBTC-aggTrades-2019-10.zip,48713fbdd37a39fd03a0da08d971539e7c7d0cfa282ddc79256b551ec8223b87  ZILBTC-aggTrades-2019-10.zip,c5741531f8b534b08cda92e25a7e2e1969365037ab802938740a85e59e6b3e3a  ZILBTC-aggTrades-2019-10.zip
data/spot/monthly/aggTrades/ZILBTC/ZILBTC-aggTrades-2019-11.zip,9e1e30a2ecc593cdf0a5be23151e7953facbb2441cbad0ed9d62a7c929ee2781  ZILBTC-aggTrades-2019-11.zip,ba63721f904d3181bbdaff3362fe4a0d8b57a5bf2b85d73118cb8d1532dd2b04  ZILBTC-aggTrades-2019-11.zip
data/spot/monthly/aggTrades/ZILBTC/ZILBTC-aggTrades-2019-12.zip,16410c31f37592fbb22ea70f832fa77cffa2fe7baad21885b8dc69fe4bee22f3  ZILBTC-aggTrades-2019-12.zip,a067a5588de3d0b91d23ff0ab1be7d62de5de9af85365bd2070cf87a31e214b1  ZILBTC-aggTrades-2019-12.zip
data/spot/monthly/aggTrades/ZILBTC/ZILBTC-aggTrades-2020-01.zip,93c8e817f83e6f69196a64bd2fdae180479584a3f20650bcc897f33bc2edd246  ZILBTC-aggTrades-2020-01.zip,094c715f538a97142f564ea736bf2fb4ea63863fb5814cefdf4c560fdad07fd4  ZILBTC-aggTrades-2020-01.zip
data/spot/monthly/aggTrades/ZILBTC/ZILBTC-aggTrades-2020-02.zip,774162e6f4d5c06993878e26ad3110f2d5ddcf7095f6bf0f6454d4160bc767f6  ZILBTC-aggTrades-2020-02.zip,1c30b54aba694059428964eb9d3fd74649de5562a7c64c62b391d16eb040c06d  ZILBTC-aggTrades-2020-02.zip
data/spot/monthly/aggTrades/ZILBTC/ZILBTC-aggTrades-2020-03.zip,989c11377de4a1b976bff3209f92fee715d0e721418f60fd72c5bfe2e6ccb3f8  ZILBTC-aggTrades-2020-03.zip,8676e81a3ee56a85495363f2f5faec29a54aa42e7fc956a3f3d1b11ec7318cf9  ZILBTC-aggTrades-2020-03.zip
data/spot/monthly/aggTrades/ZILBTC/ZILBTC-aggTrades-2020-04.zip,94ed6920efd400ef5ad831c1baf48f25b48f0d16c50b4f09ca442254f2131964  ZILBTC-aggTrades-2020-04.zip,b5211ee2ee4469576ec09113048944688c57c79d26e12f837cf08186a81974eb  ZILBTC-aggTrades-2020-04.zip
data/spot/monthly/aggTrades/ZILBTC/ZILBTC-aggTrades-2020-05.zip,41e8e332f004b7ec4739eeca187b6b344633cabdbe706480eae221225dffa4c3  ZILBTC-aggTrades-2020-05.zip,5b5b1c347128f81f15d63fa0d0aefdd073dcfe36eb110d1d6a432bf83c83d213  ZILBTC-aggTrades-2020-05.zip
data/spot/monthly/aggTrades/ZILBTC/ZILBTC-aggTrades-2020-06.zip,cb8b82e268b119d6859043c775b4ee3e850a624a26ff15d98ce20a002a578c6e  ZILBTC-aggTrades-2020-06.zip,921b1f2e64226a571012ff22d988eaee08f1ee4957af6c025889796388a8f6c8  ZILBTC-aggTrades-2020-06.zip
data/spot/monthly/aggTrades/ZILBTC/ZILBTC-aggTrades-2020-07.zip,ed559a10d4deefa957ebe6e7d6570ccf4432acadd9b82d7e772c69cbec1b54fb  ZILBTC-aggTrades-2020-07.zip,047262274364cbb55d57276b5951116c95ff71a23f4bcb384885901e8b2a9cbc  ZILBTC-aggTrades-2020-07.zip
data/spot/monthly/aggTrades/ZILBTC/ZILBTC-aggTrades-2020-08.zip,ff05395acc16ac6de003945c0571532ff1f9470b3c259b279aadc93b7a7b646c  ZILBTC-aggTrades-2020-08.zip,6788d059d53071f3e4f155322702adc6dfa55b3809c253799c15a9f01ecd79a2  ZILBTC-aggTrades-2020-08.zip
data/spot/monthly/aggTrades/ZILBTC/ZILBTC-aggTrades-2020-09.zip,b8c551ba46d4f2a3d3222e560858f269d3d717aab011f63f1beee8dde1cb48a8  ZILBTC-aggTrades-2020-09.zip,7f8c3a9a63c8dd6ea4ef1e7015a79259b4470046981ad6f708514fdd1b00f13b  ZILBTC-aggTrades-2020-09.zip
data/spot/monthly/aggTrades/ZILBTC/ZILBTC-aggTrades-2020-10.zip,fd91bd6108c527858e2a00f3f10a7a6da04166fcd3cddfa11ea1276ad5845819  ZILBTC-aggTrades-2020-10.zip,ebe797a8ada10c28e4f3e435de1b4fff11939e2e6a86fe7bf32180772d240579  ZILBTC-aggTrades-2020-10.zip
data/spot/monthly/aggTrades/ZILBTC/ZILBTC-aggTrades-2020-11.zip,148b990471c2c8b3d964d10effc1685a2b2aee2b1120d347f091bfd06e147902  ZILBTC-aggTrades-2020-11.zip,40ed94a02dc2ff07ca63f1cab50726f88aba0e7f445fc003ef226e7d0b04cc99  ZILBTC-aggTrades-2020-11.zip
data/spot/monthly/aggTrades/ZILBTC/ZILBTC-aggTrades-2020-12.zip,3e44cd829980aa83cafaae73505bf0ca3d09a9e20166bbe90a53b15b6e8d52a5  ZILBTC-aggTrades-2020-12.zip,7d1bb50515cbc7e9154091ef0d8038106e6a09bf3c9a29787df9a74ca1b15698  ZILBTC-aggTrades-2020-12.zip
data/spot/monthly/aggTrades/ZILBTC/ZILBTC-aggTrades-2021-01.zip,a173eb46f4d3ac8b134ab80155d626f9ad09ebb74ff12330a62a03473948e5fc  ZILBTC-aggTrades-2021-01.zip,02507773b83051c70de1bd86250648a62670c6f09912251d820dfcdb8fbab859  ZILBTC-aggTrades-2021-01.zip
data/spot/monthly/aggTrades/ZILBTC/ZILBTC-aggTrades-2021-02.zip,9d4cbf5f5229da5a5379abeffe42651e07826c3e3cc28abc06bb18c381869e01  ZILBTC-aggTrades-2021-02.zip,eef8a40b45fb36b4111ea0f170d8fffec0f69234d5b3fc92d497f0fc690225d5  ZILBTC-aggTrades-2021-02.zip
data/spot/monthly/aggTrades/ZILBTC/ZILBTC-aggTrades-2021-03.zip,bc1d2770eb987fba8cd2b4fa641f2cf4a332f83b3720d2a99432c6ec75fa1388  ZILBTC-aggTrades-2021-03.zip,4d0391c5d35076f66e583a460df68a59c020ffd35b6ee9cf9c5aa7e15dfbd376  ZILBTC-aggTrades-2021-03.zip
data/spot/monthly/aggTrades/ZILBTC/ZILBTC-aggTrades-2021-04.zip,b7591b32200f0f52f4446b419027a09e2f622b2f855492c02f13309b2660c966  ZILBTC-aggTrades-2021-04.zip,4907a9da50fed57551f852d26ff6268607cb917e5695def446bde3766498374f  ZILBTC-aggTrades-2021-04.zip
data/spot/monthly/aggTrades/ZILBTC/ZILBTC-aggTrades-2021-05.zip,0fdb97343fbadcf387b273e498a37cc28edc9d3d13f9f2ad44c3427f9078a1dc  ZILBTC-aggTrades-2021-05.zip,1fb6da1b57c38cf137406fa50774542f3d0c682ed018bd86bfde32194c58028d  ZILBTC-aggTrades-2021-05.zip
data/spot/monthly/aggTrades/ZILBTC/ZILBTC-aggTrades-2021-06.zip,119d8f1c88b32e061189eec0a9de991462b34ac210b9901a23ddf6f9d134a702  ZILBTC-aggTrades-2021-06.zip,cc035511abb7a50c7c4af783ca490a3b36da9f369c6057633c2a0cfb2fdbdb2e  ZILBTC-aggTrades-2021-06.zip
data/spot/monthly/aggTrades/ZILBTC/ZILBTC-aggTrades-2021-07.zip,c3cdaf06b1732e4065499b6691cde33ddf1e19ad53f510b121b7ed212c92eb01  ZILBTC-aggTrades-2021-07.zip,344c57642eea6205717db2472cc1df48ccaabd1139c5bba00a8ec59bb6964cad  ZILBTC-aggTrades-2021-07.zip
data/spot/monthly/aggTrades/ZILBTC/ZILBTC-aggTrades-2021-08.zip,76fc7366cbafdd94e1e9aaf312f0a321f9b096ea4dd1afb82d1118da72394c60  ZILBTC-aggTrades-2021-08.zip,e64e298d39c1677bcd1d6501a2745b0eacc4be0cda11fa33222122b09e7d5a0b  ZILBTC-aggTrades-2021-08.zip
data/spot/monthly/aggTrades/ZILBTC/ZILBTC-aggTrades-2021-09.zip,b041fbb06b29ed4aa7460eaff2f4ea8a884119aea81d32c510877ea24880776a  ZILBTC-aggTrades-2021-09.zip,5fbf7b5a5485b96896598c80629ae39389813da66fd030fd7dc59903e03be007  ZILBTC-aggTrades-2021-09.zip
data/spot/monthly/aggTrades/ZILBTC/ZILBTC-aggTrades-2021-10.zip,83f245c8a8b1f238696af790cac233a014ba6ed9be1d58a9e54827ff8e53c1a3  ZILBTC-aggTrades-2021-10.zip,dec3bcab1e45d230acd95924983599bd7ec8ee19c2d585549e74a78cf09b0927  ZILBTC-aggTrades-2021-10.zip
data/spot/monthly/aggTrades/ZILBTC/ZILBTC-aggTrades-2021-11.zip,be5af289b8fad73fa22c68a237ef3d07e90d51bbb991f2201ded645108cb6ca5  ZILBTC-aggTrades-2021-11.zip,31ecba4c954b4cdbaf453d33547ce424436f5c182bff66fe4542b3b75b0921f1  ZILBTC-aggTrades-2021-11.zip
data/spot/monthly/aggTrades/ZILBTC/ZILBTC-aggTrades-2021-12.zip,141e918cec49e47350aa3dd4becf8c1b38559eeba89b8090d4d99e1c72bc749c  ZILBTC-aggTrades-2021-12.zip,defa45543c096b2e7bb08a43131101318a97ccffaed7df3a401578ac4f3f387b  ZILBTC-aggTrades-2021-12.zip
data/spot/monthly/aggTrades/ZILBTC/ZILBTC-aggTrades-2022-01.zip,8cb23845c132adf7ce98ebe6a0acf0fcb9c80ca6759585e543853a96c05be269  ZILBTC-aggTrades-2022-01.zip,c38c92e8e839e38a5da98ef8d379d8b44c7bd88c7ac1d6f495b49d21ee9fedbf  ZILBTC-aggTrades-2022-01.zip
data/spot/monthly/aggTrades/ZILBTC/ZILBTC-aggTrades-2022-02.zip,e927214bd382fae43477c0151d465f13c79c4ff4611564822bbf8eac745d37f9  ZILBTC-aggTrades-2022-02.zip,9c48730432b471a6ec5530c524d15fbef11e99db414f860b3dd710aa5ef673a8  ZILBTC-aggTrades-2022-02.zip
data/spot/monthly/aggTrades/ZILBTC/ZILBTC-aggTrades-2022-03.zip,1cefb596909c6a2303184a0a2abaaf51850f6ef43f6bfbcf7c4bce0097416753  ZILBTC-aggTrades-2022-03.zip,35c133ab38da3ea301146ff0b66489d6fc4abd0412dcf5b33ccb21a4764d09d7  ZILBTC-aggTrades-2022-03.zip