File,Original File Checksum,New File Checksum
BNBBTC-aggTrades-2018-01,109df4fd75c918bc1b1dc653c24dc3b76854b08e994d15b53e625509993f4323  BNBBTC-aggTrades-2018-01.zip,8faa393c9532defe192c7a08f61f64b7b98089020683cb3520d5ea2503f9201c  BNBBTC-aggTrades-2018-01.zip
QTUMETH-aggTrades-2018-01,bb6e10d41e6810b158320544a80077113e9099128aa1bf4f2bdc883f3e99d375  QTUMETH-aggTrades-2018-01.zip,f5592c8b834cdb8624226b72bd0d147930d9ee54557bcf8d73719749f95d9f68  QTUMETH-aggTrades-2018-01.zip
EOSETH-aggTrades-2018-01,7fcb8f4987693b6a1fb27297623a20449814c0d0afa2bebe60214552c7f7305e  EOSETH-aggTrades-2018-01.zip,d7b627cfa28f149221e58d7706af1766422c1858ce5569a3d37e5d185cf3e620  EOSETH-aggTrades-2018-01.zip
BNTETH-aggTrades-2018-01,8794342ee3a1bee1eff320db61c5094da337bcc311e75a0a2adbfe964d6dbd93  BNTETH-aggTrades-2018-01.zip,fc752f3280d0376719be6a2e1a43307348fe1561965b53e8f31c8845dc86ef77  BNTETH-aggTrades-2018-01.zip
GASBTC-aggTrades-2018-01,1a2fdb8de50d7830c256d84ea7da57de51d2b0f1f992a022c3b0da1427aab481  GASBTC-aggTrades-2018-01.zip,72d4df548e5551994a066b3527d7a69cc3adff405c96245f0b4c52f7e6c897ad  GASBTC-aggTrades-2018-01.zip
BNBETH-aggTrades-2018-01,6a6cc0d904914e98f81f84430599e93f1abde81b13a0e3b8f5fc17f49f599df3  BNBETH-aggTrades-2018-01.zip,fac95d323dfee2f18dfe56bc6ea8897c93ed027c2b1e552a175d7a7e0beab333  BNBETH-aggTrades-2018-01.zip
ETHUSDT-aggTrades-2018-01,090f4661a2425982f421fd16d8636574b2c55c135c6145806d24795d3b7a31d9  ETHUSDT-aggTrades-2018-01.zip,163f207d9aabbd6c3bc85f2962305ea2752aff4e2bf326fe34838e44f135786c  ETHUSDT-aggTrades-2018-01.zip
OAXETH-aggTrades-2018-01,ca990835b8a8b7c8257f4fe1dee2bcb36d7c34349847eb53c1916278a2e386b6  OAXETH-aggTrades-2018-01.zip,3ca005e66f82e3f954641465756b2c86e434327daef8705dcca10333775291bc  OAXETH-aggTrades-2018-01.zip
DNTETH-aggTrades-2018-01,43fdf163bfe9f705bb34e9ef8b60b4a47450418e445f03006a83fbf3318c139a  DNTETH-aggTrades-2018-01.zip,7c0a8230a4ab28c61de781233f80d5f66a939c9a207a067e5181290f6a417b72  DNTETH-aggTrades-2018-01.zip
MCOETH-aggTrades-2018-01,0847e85afa5a189989b30f2c0f3bcd92b9e56985204371eb98f73e84069b1ab4  MCOETH-aggTrades-2018-01.zip,1874a1d48aa523846d5482d3fd052ff02db91c082ecd1b10f6fa21db160a80cd  MCOETH-aggTrades-2018-01.zip
ICNETH-aggTrades-2018-01,290125f07bd6e310267c1ea66209d923508d217a8207476d53bd3c97e7ede0a2  ICNETH-aggTrades-2018-01.zip,2bd8a0d3c494a909f8a9d2e21fc671d3d43ee3d21036c5febac94a4697492e7f  ICNETH-aggTrades-2018-01.zip
WTCBTC-aggTrades-2018-01,77fa33c39e0229fc8d9aff7d43520caf172b23e5421475b962794f35b857b3db  WTCBTC-aggTrades-2018-01.zip,136ac92fb4817ac984ebf6874e5a825dd67cf73b5a0015a538541e488dd3415e  WTCBTC-aggTrades-2018-01.zip
LRCETH-aggTrades-2018-01,db8a1cc2dbb2a3447f7654ba1baa8845517a4c574e99b1885efda59d0699f1a4  LRCETH-aggTrades-2018-01.zip,4dd4bae084d354bd02b18416d78f43fc70989124e96dff035a87f7ba4d116d07  LRCETH-aggTrades-2018-01.zip
OMGBTC-aggTrades-2017-12,22941e675d2bd4ee21081501e5493ef5536fd9c862a8569d592ba024e50b0460  OMGBTC-aggTrades-2017-12.zip,fdb6eed44264b61fcd1f47e63225a587708c734dbae122ff53c41648b5e39731  OMGBTC-aggTrades-2017-12.zip
OMGBTC-aggTrades-2018-01,346c09bbb1ed37e0f53e821c9e7154320cdbde3b021e6704f2a40d7631fae4ab  OMGBTC-aggTrades-2018-01.zip,894a4a295c1d4f3654770016036edabbffc9fe3ca5c4c9849b3055e07dab5fc8  OMGBTC-aggTrades-2018-01.zip
ZRXBTC-aggTrades-2018-01,8d3908afd652ac86f739573b29829d264a6d8654fad8a399abf2dd18b5ebb5ce  ZRXBTC-aggTrades-2018-01.zip,7a1beb286b059b0d3f2e3e5e3cad3d606d24226efac42e2468469df867fa6ca6  ZRXBTC-aggTrades-2018-01.zip
ZRXETH-aggTrades-2018-01,a64b055b1be6242f6b7dfb538bdc921dee01c54686c998159c178604654be869  ZRXETH-aggTrades-2018-01.zip,4935a4000021fefeee47cddab7c904e75d78efbd97904d22308f85b0eed1abfd  ZRXETH-aggTrades-2018-01.zip
STRATBTC-aggTrades-2018-01,8478405ada918fe688c6a55fb9a505b18e14327e423e3a2906558744f2094f79  STRATBTC-aggTrades-2018-01.zip,db7bc771587ac98cc8c6e39c1b14ebed6013a622f6414ac710e2a8b7d527042e  STRATBTC-aggTrades-2018-01.zip
STRATETH-aggTrades-2018-01,ae9fcb83464257ff265fa94e2d2d39d35bc81ecae2fe1cdddce3ba099490697d  STRATETH-aggTrades-2018-01.zip,85a44631ffe86f0797095033b9ce7149badb3be362cdbc95a94896a712108d86  STRATETH-aggTrades-2018-01.zip
SNGLSBTC-aggTrades-2018-01,d89aa250b35db750204b7855a6b2b78c65ee9aa41193c058e900eb555120987e  SNGLSBTC-aggTrades-2018-01.zip,3683c479f5bf6918048af78a89fb891f431a75c7ed6ed40af78988756df11e91  SNGLSBTC-aggTrades-2018-01.zip
SNGLSETH-aggTrades-2018-01,ff34d8b75b6408cd8924cde2468a0b6f1ae091f96909f81b23c99b1a1014e49e  SNGLSETH-aggTrades-2018-01.zip,eeac10d2caeaad958285078c14f34212b8a34fb6212d9ceecdc5ba3b9c34b5ee  SNGLSETH-aggTrades-2018-01.zip
BQXBTC-aggTrades-2018-01,549784b2e799adec1eb942d270e57e43ba66282c95825475a4c58d520433b143  BQXBTC-aggTrades-2018-01.zip,a0f20c67802fe232f4a53e8698abd0779ccc2a231f02a0e63ec3948460b18f20  BQXBTC-aggTrades-2018-01.zip
BQXETH-aggTrades-2018-01,ee0979694370d6a1aed57ea2fd938718d195999008af115a827f82ee1d11e02d  BQXETH-aggTrades-2018-01.zip,a72e33bece2b071c584b9b3b849b1bb8b9b307eaa54d5fdc6cc7d2380009b5cb  BQXETH-aggTrades-2018-01.zip
KNCBTC-aggTrades-2018-01,ce7bdad57ba7dfb2ca852cabc02af5bb3941169876bf5978483e6ca5a882b7ca  KNCBTC-aggTrades-2018-01.zip,90f2c7552e47d6089433f7f9d25c5f4a94169a8a43237cabf462150d856aafde  KNCBTC-aggTrades-2018-01.zip
FUNBTC-aggTrades-2018-01,7a2ad01a0a60dca3b30f7799da9f53948c8791b282d4c6f8c35523b0e1e15ec1  FUNBTC-aggTrades-2018-01.zip,6a287a154544fdda937498ba06bd0b725809367ed5f406a38d89b8faef0f4307  FUNBTC-aggTrades-2018-01.zip
FUNETH-aggTrades-2018-01,9d5c176273aa903bf0e53c59f6ce3dea9d235c32c65843659809083043c424a5  FUNETH-aggTrades-2018-01.zip,3a4ef4dac38088c38137851dd9678901c6e968edb206f3947bbcec44b1ba8b35  FUNETH-aggTrades-2018-01.zip
SNMBTC-aggTrades-2017-12,df612a00a63c45d9f9f439dad64c37516395104c47f297ab7d30609729871389  SNMBTC-aggTrades-2017-12.zip,bda4748e33c3783013a450838276f7c4fc84962419f2c22d7fe3ddcbf572205e  SNMBTC-aggTrades-2017-12.zip
SNMBTC-aggTrades-2018-01,c63ce5d80987cc4a22be0740f52a99d95be751accf2165dc4f335b9455ac2d6e  SNMBTC-aggTrades-2018-01.zip,6b0bf422df06361e64589b7f019649d936348a80146677e97b11864641838fcd  SNMBTC-aggTrades-2018-01.zip
NEOETH-aggTrades-2018-01,56adc7a4fbf267ab58ef9597bbb0c99b6ccaf5f0f35e47391d15a676a13d4fa5  NEOETH-aggTrades-2018-01.zip,a7de7d522a9a66f463e4a772e434bf4f657158f965111b14b525afd529910ef5  NEOETH-aggTrades-2018-01.zip
IOTABTC-aggTrades-2018-01,2dadbb3c646316f280adc3e2a7e2ad3f9b23b761afbeb3e8b21e91be52175068  IOTABTC-aggTrades-2018-01.zip,6b87b7049ae7510eb254e848c01643d29e616b7196ceee9500d4f4f168367762  IOTABTC-aggTrades-2018-01.zip
IOTAETH-aggTrades-2018-01,48164e1fb32f9c30df0d2b35556836f3572c56b3e29b7c6f099f4e298d0964a4  IOTAETH-aggTrades-2018-01.zip,710d874ad3776aa3aacf80698199ad2f7e8fed5512c0c7e8b97622f5810b683c  IOTAETH-aggTrades-2018-01.zip
LINKBTC-aggTrades-2018-01,846f1b271f6f86245f40f8fd1ebffebdb2f882afec79744bd8c1a6a815872f89  LINKBTC-aggTrades-2018-01.zip,d69247cc4251ac139cca27293ae929549e028144bb48a5cf27a814d06eb71d3e  LINKBTC-aggTrades-2018-01.zip
XVGBTC-aggTrades-2018-01,77d205c9ecf3dac0fab7e2f89205a245d52aee30bc3dc9916ede011b64980517  XVGBTC-aggTrades-2018-01.zip,03134a882463d63955a27fd47ce6854ececc4ea64f9d143d091643f501757442  XVGBTC-aggTrades-2018-01.zip
MDABTC-aggTrades-2018-01,f6395e669157ae93ba3ba4b23ac69efacc706057aa1f49ed102ae91eda49e84b  MDABTC-aggTrades-2018-01.zip,8a5250892cad22951083a4183b6956771ffd917a2668c5f8a819f58c155bf8eb  MDABTC-aggTrades-2018-01.zip
MTLBTC-aggTrades-2018-01,7700088f1244a4ba4c5869f1bc66bef9fc1672a073feb5c3f239cf614d1ec22c  MTLBTC-aggTrades-2018-01.zip,264215d325ddd2805f8940e8cf9d4286e6ee966d53258cc91791f9083258be80  MTLBTC-aggTrades-2018-01.zip
SUBBTC-aggTrades-2018-01,530aa401a3fd651bd6caaae000f00a46608dc73fac477530461e139e82ca43f8  SUBBTC-aggTrades-2018-01.zip,c12513311bd7646f3a1d5129f3c078da7a7aeeb2197830951b10c5faf110cca8  SUBBTC-aggTrades-2018-01.zip
SUBETH-aggTrades-2018-01,00c504796db773475f40794418840b8c1da78741c449517ba21b5728502bfa67  SUBETH-aggTrades-2018-01.zip,a1141ff507a5ac92a46ac7890169c1ea16cd7b0abd5cdac0a8563464305ea01d  SUBETH-aggTrades-2018-01.zip
EOSBTC-aggTrades-2018-01,5591104bfad6ff9c0213f9a365483c507b407782c2b715b91e89f16eb3e89e09  EOSBTC-aggTrades-2018-01.zip,771176bb36497f2c388019f143138fdf201f52f7148031dded385ffa5c92ecf0  EOSBTC-aggTrades-2018-01.zip
ETCETH-aggTrades-2018-01,73b42c25f7353903e79d6afc09b4028d389c3391056a82d350ed72c8f439b555  ETCETH-aggTrades-2018-01.zip,8488533807b4a23f7f0640451798cd4310035846288652793ecbf7203066de79  ETCETH-aggTrades-2018-01.zip
ETCBTC-aggTrades-2018-01,87c41e86edf90730af618f5729aa5c4d4e6eb2bce2d853056ca5d7b78bf119e8  ETCBTC-aggTrades-2018-01.zip,8497e70ec660505e7e6a0f8b6441c8e598244893e6b5fd2287aa23890294e197  ETCBTC-aggTrades-2018-01.zip
MTHBTC-aggTrades-2018-01,d53a2321f52739186c27d3a6127796f14e2dceb8f857caf51d2d69390b69ff9d  MTHBTC-aggTrades-2018-01.zip,28c911f9103083fa15cd2afc04f0e1ea6f9743fbf46e441104fe4a9e007224aa  MTHBTC-aggTrades-2018-01.zip
ENGBTC-aggTrades-2018-01,abf86b904122977d2a4d77914442be9d7a6d4a6fbb90829e93c562f6481b9fd1  ENGBTC-aggTrades-2018-01.zip,a3a60693b168a51dcd9ff7b95fdb67cfbfc2bb7d113e8ecf441834466351e2d6  ENGBTC-aggTrades-2018-01.zip
DNTBTC-aggTrades-2018-01,5c94d131eaf179d377724d744ab9252c654ceb1f06713e99d39001fa320c3b9f  DNTBTC-aggTrades-2018-01.zip,03468219a1a5d292e0b2826fa304c59a1355456590f8b29efa4ccdb8872bd82f  DNTBTC-aggTrades-2018-01.zip
ZECETH-aggTrades-2018-01,8eb5cd7ae94ca4775bece2a9ee1412d317c3f544be6edfceba5fd4d5847bbeff  ZECETH-aggTrades-2018-01.zip,a98cccc3065bd3a3dc6f27878a9e8229708ae8ae513c79bdff22a8d9add6bc4e  ZECETH-aggTrades-2018-01.zip
DASHBTC-aggTrades-2018-01,0d504c828944d6aed8161e09074cced06c3df7496e80f1b70a67a8f0355c5e87  DASHBTC-aggTrades-2018-01.zip,e9e7588001b1f64126b9afa1d21affff51c99fef3cea1b016c473ae268550b5a  DASHBTC-aggTrades-2018-01.zip
BTGBTC-aggTrades-2018-01,d8125addc9052e8a8fa49dc08ce419c56b6c8cd6db07d17b8a0bececc0eda3d9  BTGBTC-aggTrades-2018-01.zip,fdbe6898fa974c3618bda12d7382994c4722266200443780f81ee79587684aba  BTGBTC-aggTrades-2018-01.zip
BTGETH-aggTrades-2018-01,2fc0baa00415709aeb82f232b0eb0e5acd0b0c23af1dd7b7ea4b6ea9dc3f3bf1  BTGETH-aggTrades-2018-01.zip,b627b44ddd289cfce794e4d23c8f0b834a93401bc2182ec4e932a60f54536d7b  BTGETH-aggTrades-2018-01.zip
EVXETH-aggTrades-2018-01,4c6e078c86e8628d2da1102901e532cdb9f761c77e4df4dbe0c5457f7d6ca2bf  EVXETH-aggTrades-2018-01.zip,62abe0bc425bddeb6396227f77db6bdc52e8e4d2ca45ec441cd0705d08f3c8f5  EVXETH-aggTrades-2018-01.zip
REQBTC-aggTrades-2018-01,623de7cd386021a1a2f011328ece338aa40ce41546e567ccda226061a17dce03  REQBTC-aggTrades-2018-01.zip,b00c2fbe6b63a3ce223c94ca661395d295decf182b0c26e4dfb1fb8c8d325a1c  REQBTC-aggTrades-2018-01.zip
VIBBTC-aggTrades-2018-01,1200783042ddf5276d780be0574506ff1477bb3cc70ca6ac97af1f845d36f53c  VIBBTC-aggTrades-2018-01.zip,cb1c17ce75659163aa8e0cf7406ed22b2d11d3ace577d71518ab83283ce823fb  VIBBTC-aggTrades-2018-01.zip
HSRETH-aggTrades-2018-01,5048a40ae040c1ab17e7be5532732a891d627155c57b4534f800273bf52c5823  HSRETH-aggTrades-2018-01.zip,13276ad7af89838a3a669925a7d5bdf39c49b25ef70016c297d1f2f2340d2567  HSRETH-aggTrades-2018-01.zip
TRXBTC-aggTrades-2018-01,90b175065eb894f652d6625a967a27ca06ee37cbb239217286b4d7ecbd5f37c0  TRXBTC-aggTrades-2018-01.zip,5da70cfd13b05ba806a481fdf691ea5399b6b4545ca045c04dd5e61a9a1faf22  TRXBTC-aggTrades-2018-01.zip
TRXETH-aggTrades-2018-01,cddf18d47e9d0a1bc29279190200082306b947ef5c8d9e3cf37c48b021c6c44f  TRXETH-aggTrades-2018-01.zip,73dcefc08662533681e9fbceda52a2d2ebbebac53363ae2ab7c244112c5bd87b  TRXETH-aggTrades-2018-01.zip
POWRBTC-aggTrades-2018-01,fee68fd295df7206f5ef363560c73cc5d624dc3bcdb9dccc816c9ef066234711  POWRBTC-aggTrades-2018-01.zip,20ac9fc6669bfd05123228c90bcc120930c5beda96d611d4d0c8243ac998f3d6  POWRBTC-aggTrades-2018-01.zip
ARKETH-aggTrades-2018-01,56fd33071cd82ba616a80e7591a23b72089a3fc604c53418abe7e799074e7732  ARKETH-aggTrades-2018-01.zip,70902358821ce76af4a1f895b352f6a466ea15f0e07d6389d7bcb4afff48c3d2  ARKETH-aggTrades-2018-01.zip
YOYOETH-aggTrades-2018-01,a504ff24bd81dd41d2cbfdf00bc04a76b5423cf4e42801af1510e22d5c4adebe  YOYOETH-aggTrades-2018-01.zip,a883acb7d28e56fcd510f621485e013e88086b89d7c1428a102a961e38fdde34  YOYOETH-aggTrades-2018-01.zip
XRPETH-aggTrades-2018-01,84c5f4da554580458a3e0d69881ae848382daf83778a3f7244284131329158d4  XRPETH-aggTrades-2018-01.zip,48369f58686df83eb982ae274308fa86a29cbaed88740cc4e4d8a1dde6346b2a  XRPETH-aggTrades-2018-01.zip
MODBTC-aggTrades-2018-01,5e43a8110a724f86d6e4eb7537d6e45d578d74cd632cefda2f09641effa199ba  MODBTC-aggTrades-2018-01.zip,86b05df0bb6434b363018e9abd3dfb4e0d7a7b2294af4406a23709b6ca9b9231  MODBTC-aggTrades-2018-01.zip
ENJBTC-aggTrades-2018-01,970223aa37afde815b6d6b8341974e2e9e6fca1f4cbcaa8671d0eea54520c58f  ENJBTC-aggTrades-2018-01.zip,f2b1a644396d70eada83516bdba32c9e15e685f3165a165e1d93f19928803eed  ENJBTC-aggTrades-2018-01.zip
STORJBTC-aggTrades-2018-01,df294e7ac1477d348d04411e62210cffda72c2f47592a600cc6bbb12d60e75b3  STORJBTC-aggTrades-2018-01.zip,c828803171eef17fa2b48465e0b6e7c09c1b4b73b041f4b2656ade893a0822ff  STORJBTC-aggTrades-2018-01.zip
STORJETH-aggTrades-2018-01,a36ffd1b8267fef5c25be84cb45d452c5fdfca39981a5391f18b7d45723e993e  STORJETH-aggTrades-2018-01.zip,5e2efa692248a0cd877072820e7e3f088232791c411853ecfbbb7cd7493dcee5  STORJETH-aggTrades-2018-01.zip
VENBNB-aggTrades-2018-01,e1ab1cac4d6a4f6f66c7134a2614bf30b36c4fb3af9df83d98a5d569f6b4bf9b  VENBNB-aggTrades-2018-01.zip,e5f6542f5176c7968f1a068fba43d99d09d461fe7342a1c6b1240e6d278626db  VENBNB-aggTrades-2018-01.zip
VENBTC-aggTrades-2018-01,bca35af1d0e12e85db157604402110cf6eed693657ccc30e4c99c4894a18252f  VENBTC-aggTrades-2018-01.zip,47ced05e06928f6b9f6c17cc89d270437501e81be2e11c1478fed8e4785e3d1f  VENBTC-aggTrades-2018-01.zip
KMDBTC-aggTrades-2018-01,835dd3d5ae67979618acbbd0db9e66843d70cf5c3d4d608de80a64fc5d89ccd6  KMDBTC-aggTrades-2018-01.zip,df78cc971cea8b3b5cb910af5a47feab2aae27a9bc0af8fbf99fbb273134b2d8  KMDBTC-aggTrades-2018-01.zip
KMDETH-aggTrades-2018-01,87e9505674d017dc2ff42c2ebe3389b0b300a413c249ae28c041550f76d7dcb8  KMDETH-aggTrades-2018-01.zip,d21c17e1fd20974065302d688d4a3a4971b684a1c2ddc8792ee87dff2741eb18  KMDETH-aggTrades-2018-01.zip
RCNBNB-aggTrades-2018-01,9157cfe7f240cdd8fe734fc6fa51415e0a11b707a1eb05001795c970304fd2d2  RCNBNB-aggTrades-2018-01.zip,4d9df39d398df102c0d5dab0697d0155119d8bdd087157b442d2d4c6d04437f5  RCNBNB-aggTrades-2018-01.zip
NULSETH-aggTrades-2018-01,e70b7d6aef400ce5ce60b1cb37e42589ca2560167e6813149be5cb6425242911  NULSETH-aggTrades-2018-01.zip,1a5bd275b2fb70dfa1f176f98bc09f13e210f3091fdb722f4a1b3cae17cf3092  NULSETH-aggTrades-2018-01.zip
DLTBTC-aggTrades-2018-01,651931b69cc1c07209a46c51a96243e6c4d29d6bfb24e6fdb8adda2380e37a96  DLTBTC-aggTrades-2018-01.zip,cb12cbe6e5ddc570b5aa6802d7632cad19dfa84bcc0f5fe1c7cd9c279fcfa225  DLTBTC-aggTrades-2018-01.zip
DLTETH-aggTrades-2018-01,e6cd0a00dde7900b12dc5bbf99ebc4ad64b0a6c78df062066bd87ad44ab468ec  DLTETH-aggTrades-2018-01.zip,2f73b94eccec6a7ecd4771fc7c6321c450cca4ccaffd1c886eb510f94d2ba28e  DLTETH-aggTrades-2018-01.zip
AMBBNB-aggTrades-2018-01,4f1d258ef138a3b02d40a0db68107b979f8db16777d1b5b7e4abfff7bb085b89  AMBBNB-aggTrades-2018-01.zip,e703c6a9dd588e7d48c1448da00284f17a1ed75095e50100b0ad5adca564deb1  AMBBNB-aggTrades-2018-01.zip
BCCETH-aggTrades-2018-01,a19ef7b3abf2825b4297a83b5c53db9d5016add06e5820541d22f8986c96d686  BCCETH-aggTrades-2018-01.zip,6f7544e7d8e7ab4603d43d891b69896433b6b8c987dd5e364b3f6087412b6b1d  BCCETH-aggTrades-2018-01.zip
BCCBNB-aggTrades-2018-01,93d14f96265aaac9a771e1145159f9553c713557e9a21e674b6ceb43b85ed6f5  BCCBNB-aggTrades-2018-01.zip,c9f8bbc6de16bca4f42114ff9de7e437db5a158b66ca066290fe77cd51e464a3  BCCBNB-aggTrades-2018-01.zip
BATETH-aggTrades-2018-01,e893c089365f03d97b36b2f59a84554505b9f549ddf52ce79fe0e2feae535230  BATETH-aggTrades-2018-01.zip,2535f45579fecb29ac97dc57d418ae6d26f190194e2c26286c108a7e8f218e47  BATETH-aggTrades-2018-01.zip
BATBNB-aggTrades-2018-01,44d61a2b89fe1d33c216290e85cc2a1aca942f063c8d3d8836547b3864589a67  BATBNB-aggTrades-2018-01.zip,8d272bc906fe3e3cb2aa243de13843ff62f3452b5aa0de0d180445b32b1a546c  BATBNB-aggTrades-2018-01.zip
BCPTBTC-aggTrades-2018-01,ae740c21de4a1e77f03f40265bdbe601cd0d7cfb7457fed9b8607ed653ccd21d  BCPTBTC-aggTrades-2018-01.zip,7b07dd5c1a9869a30e142059c1555dc032da9bf88816831fe37359253d11b26e  BCPTBTC-aggTrades-2018-01.zip
ARNETH-aggTrades-2018-01,09ad1dca21cd79653bcdcde94a850f341da0d5f6554dd47bcbda58cee82f37f1  ARNETH-aggTrades-2018-01.zip,5ad03b0c7092ee46d73b897df6ae92a645810c2cf8f194e1988c5ab32a204c74  ARNETH-aggTrades-2018-01.zip
GVTETH-aggTrades-2018-01,da3a08b24c041dfb161935ca00d6f91e1048fe2a5ac617182580088268c59fc3  GVTETH-aggTrades-2018-01.zip,5e0f6ef8cd1d1f46757e11770b229847984d0d89dc20142bbb147a78d9ceeb02  GVTETH-aggTrades-2018-01.zip
CDTBTC-aggTrades-2018-01,7f31f17b944693d372ee70a1c8d54164473ab9876c0b168db894f66381f4a5c9  CDTBTC-aggTrades-2018-01.zip,5d3c650ea2c9211f806f654494c27b4b6c7622c385dadc9f1fb2069c037652fc  CDTBTC-aggTrades-2018-01.zip
CDTETH-aggTrades-2018-01,dc70b040223bcdfc9fd7d49c2048429d76ea1635341604a7bc31082983821f79  CDTETH-aggTrades-2018-01.zip,94921373c1cf43632de4698e407a9eac64ccf133f72b1957e5d95058dc2be84d  CDTETH-aggTrades-2018-01.zip
GXSBTC-aggTrades-2018-01,f908efcae8932e305b6d5f1b02a1191f501d8e7aa6f7ed617f0762cc0faa46c5  GXSBTC-aggTrades-2018-01.zip,45835aaa2b4423f0011476748d082dd468c2c2c4974bbb6d27c7a6fad03812af  GXSBTC-aggTrades-2018-01.zip
GXSETH-aggTrades-2018-01,fdd26ad86ab586aa11b9cbf6482b39e2479360e77f20d0abb652f036f5632173  GXSETH-aggTrades-2018-01.zip,4d4ae0dd12b8af7b0855781acac3621fd12b989413cfbf0cc054965895a47a52  GXSETH-aggTrades-2018-01.zip
NEOUSDT-aggTrades-2018-01,e9787691cf7617b56df23b3244817b4967cedce0ae3b5fd58e407353a50ee87c  NEOUSDT-aggTrades-2018-01.zip,8e33d098dcd32947c10dded6cc9efb6da79f4c3d085b73bdb06ded19c9d5ed9e  NEOUSDT-aggTrades-2018-01.zip
NEOBNB-aggTrades-2018-01,9fc9783549d16cc676e6c72adce1e26b45e9b5012afe8a424f01038b14b14a1e  NEOBNB-aggTrades-2018-01.zip,924fe1b62e68e2365792a57cca22fbab31a8085f55fa5302823d7be718637c40  NEOBNB-aggTrades-2018-01.zip
QSPBTC-aggTrades-2017-12,8a5472757d26cde713e5408698972b691ebf0f28ec2c40cfba8ffdad17210c9f  QSPBTC-aggTrades-2017-12.zip,56eac3aedd5947f7ca8fc61924320dda9394b8a5de16f56d4047e9c41ca0999b  QSPBTC-aggTrades-2017-12.zip
QSPBTC-aggTrades-2018-01,8060751c260de4cbc5f9065cca9cd781e56279f35ea3ddf4ddda8aa6f58fefd5  QSPBTC-aggTrades-2018-01.zip,98c9df021d6dcffbcfee916e787800bc51dc41bc840426eb3476246355399e5e  QSPBTC-aggTrades-2018-01.zip
QSPETH-aggTrades-2018-01,1cd93d7d97c17d7b04fbddde2f74870b10f51d73ed407101db079b1b3b401303  QSPETH-aggTrades-2018-01.zip,a73833188f50fe78ba382f500c2c0fc82f7e01f91ad1971ad416b0ea1ccf8ac0  QSPETH-aggTrades-2018-01.zip
QSPBNB-aggTrades-2018-01,dfea3537495cfa79e05eeade875f0b1a2d67579ba45f3ba3941571e35503db8f  QSPBNB-aggTrades-2018-01.zip,b4054800a39216981a4453e5fd52ee6903443f1798aa136ad5cc6f1dda880adb  QSPBNB-aggTrades-2018-01.zip
BTSBTC-aggTrades-2018-01,2c10bf4777f8a18d7287f59ca79ef2a1042d98bed613f7f996798efb5aeb2742  BTSBTC-aggTrades-2018-01.zip,d0cf815566ed96a08d33937057a9ba09ba2a309c9af1b3e499366f64bf37f4d0  BTSBTC-aggTrades-2018-01.zip
BTSETH-aggTrades-2018-01,0a484c5585aa8fd0b6944906faca182322f5bafdf94395a2d038338927cdc33d  BTSETH-aggTrades-2018-01.zip,6c76dfdea835d9f0598768bf5afc358b15fa26f85544db772a38f403afe34bb2  BTSETH-aggTrades-2018-01.zip
BTSBNB-aggTrades-2018-01,6b1598fedf94627e42f5484fdabd33c3013b97b31ab67ad17aa9b2eb15d0532d  BTSBNB-aggTrades-2018-01.zip,26aab0fafc55a2e2cd011ebf72c0e38b383899beafd469743621ae743fb1e26b  BTSBNB-aggTrades-2018-01.zip
XZCBTC-aggTrades-2017-12,61194c127f513b4856a3d9dd63ef3db0f937bed83731885b09874a632c1525e6  XZCBTC-aggTrades-2017-12.zip,bf2dbd8347feffb1d6a07fd0496ef5e130a547d743032dde6eba22ac54605680  XZCBTC-aggTrades-2017-12.zip
XZCBTC-aggTrades-2018-01,2ed4fedc460d9ea3bd2724fa0acd14dc5d090ea2eba49858b0ec6bc027d31d4f  XZCBTC-aggTrades-2018-01.zip,c2d4a17daf1a6c56de1f3e46bdf0d4bad6570b6e854ae110dce9607376b63601  XZCBTC-aggTrades-2018-01.zip
LSKBTC-aggTrades-2018-01,1b083882470809da7d16389a28306111d838e436040488ead5205af53c02e5cc  LSKBTC-aggTrades-2018-01.zip,aaed719fa5f15d75817463f01c8a6e3ffd0f5e30012d4f56694bd385d8420378  LSKBTC-aggTrades-2018-01.zip
LSKETH-aggTrades-2018-01,5756c611dc3fd1280a7780fa0e3eccee369e07843547d21d90e30e326e0e2583  LSKETH-aggTrades-2018-01.zip,25b20549412a2172efc93a7e949818375d45e38a36661dc388b0c63b6070e65e  LSKETH-aggTrades-2018-01.zip
FUELBTC-aggTrades-2018-01,910bcff647d325f550d8e80593db5e7d72bd2e1176ccd290fe74102156927b9e  FUELBTC-aggTrades-2018-01.zip,5c1e7b99995d6c9c6212c5f2c1e05496c2a75bdc71b9fd719e17d28302184ac1  FUELBTC-aggTrades-2018-01.zip
FUELETH-aggTrades-2018-01,159374f33c0edbae98ab405996e1f41252d70e54cda1693100138704836e62b0  FUELETH-aggTrades-2018-01.zip,296a209fe35642118be01de7b4bf16135f6d2c86e2d41387353d5816f3edb3c4  FUELETH-aggTrades-2018-01.zip
MANAETH-aggTrades-2018-01,67e7b8bb8ecb42a031764f6b35273a3e22153c0139e2c3e62893c7f4c86501de  MANAETH-aggTrades-2018-01.zip,54982b40ec3053610e5daa39628c472e047591928fe2bded085a65b747d13790  MANAETH-aggTrades-2018-01.zip
BCDBTC-aggTrades-2018-01,36f0f7c0ccce4ec840e92cf5eab64f95fe8c86089aa2a28a52903faf6b64519d  BCDBTC-aggTrades-2018-01.zip,ec0248ab390a2ab73f39c5c8234ef6c4f8b513aa8e6d090465e6e49b95928355  BCDBTC-aggTrades-2018-01.zip
BCDETH-aggTrades-2018-01,ed822b72a7e457356e07766372e3541cee6627858b586157abaa01b123241589  BCDETH-aggTrades-2018-01.zip,b2526eb8fde1d41d0d0733ff856d0292a915df1f7f56eb553205517a01b4a17e  BCDETH-aggTrades-2018-01.zip
ADABTC-aggTrades-2018-01,9b8c450d8657389e1c5f0564fab961698ee6bd2aefd6447e3f8a8ab0fddaabf2  ADABTC-aggTrades-2018-01.zip,ace911138486f6b7e0f8e0c5155a8b910ed8954e360074ca5d6c3a338b088562  ADABTC-aggTrades-2018-01.zip
PPTETH-aggTrades-2018-01,5c9969fb6894ad0bb6e59acbf82e1263b93ee25db50d2a28f87c53592d976d46  PPTETH-aggTrades-2018-01.zip,0a10d6df41907e626b992eee48f02337bb2093d2f74ea2e79d1ebffffaffaabd  PPTETH-aggTrades-2018-01.zip
CMTBTC-aggTrades-2018-01,0cae94b320c10a5594e7a2bf76ed82242ef3b91b29820589a0f60d9298916a50  CMTBTC-aggTrades-2018-01.zip,066b2777f225ae80284388304e3a8abd45498fa08a04e29d7b8a22754e3d80c3  CMTBTC-aggTrades-2018-01.zip
XLMBTC-aggTrades-2018-01,46dd777841c585af346a23e2355e27e00bc621ffe95ab47db6f53b656720b294  XLMBTC-aggTrades-2018-01.zip,58f26d59a865e971c27b1466147ee12d6c1404d6ed4fe23ce68597f843643379  XLMBTC-aggTrades-2018-01.zip
XLMBNB-aggTrades-2018-01,1ecf4ae9d77011e82bff3d91ef5c510151eefa6b9a8003c716db54807b7b4493  XLMBNB-aggTrades-2018-01.zip,11b8a2eeb71bf919b471b51cf2d3bae16e7a119c795a7762cb7675d082756055  XLMBNB-aggTrades-2018-01.zip
CNDBTC-aggTrades-2018-01,389ba4fd475909852f4920cda6805aeb1b892c365fbb03db9e467483bd106b46  CNDBTC-aggTrades-2018-01.zip,52658332a6dc823f9256e370116fd107946145ceffcfcb4ebe50d20f66233c6c  CNDBTC-aggTrades-2018-01.zip
LENDBTC-aggTrades-2018-01,5cafa06c7d43495abc86ce72aa9c955891269b7e4e01edbed62b654976041b89  LENDBTC-aggTrades-2018-01.zip,4ee56c8a3d52c213a8ba8358914ee4226c077f4428a82a90d5f33925d818d1cb  LENDBTC-aggTrades-2018-01.zip
LENDETH-aggTrades-2018-01,ae1d056c303636a7a8467e9011f10da3a6f65a0df6274ab779e6c91a4c822b41  LENDETH-aggTrades-2018-01.zip,c8f01c861bd8e00a2e5b10fcc11bb359a3881536d5ce412da17ab068f24f5116  LENDETH-aggTrades-2018-01.zip
WABIBTC-aggTrades-2018-01,bc5377f87f3cb68fb98a3b8e04cb381407da5c60e0cf2ce8296557453de1b4fb  WABIBTC-aggTrades-2018-01.zip,4ec692342b9d92c01136a2c93e95de91c843073ad46ece387a75b342c79f3605  WABIBTC-aggTrades-2018-01.zip
WABIETH-aggTrades-2018-01,f96d572a513098325bcb1d4e1bfd2704fc9781a247affe3dfac12b8de4900863  WABIETH-aggTrades-2018-01.zip,638f8bda310062a9f2705d50cf4f567790f218cdd657ca08747507a668fe9f14  WABIETH-aggTrades-2018-01.zip
LTCETH-aggTrades-2018-01,d63d4acd42d378dde8b8a06b1602a9cb700a1bd43596b84f9da80c1cf2835497  LTCETH-aggTrades-2018-01.zip,ff9b5c799acd85c258bf9fc500a4536c6fdd71bada8bada7dd7af86c0543a918  LTCETH-aggTrades-2018-01.zip
LTCBNB-aggTrades-2018-01,20bd9c03eb2504d64e93790fcfa3228008f5c84011b6749bbada3d7fbd90d035  LTCBNB-aggTrades-2018-01.zip,5239103a9799b2f3847184a2ec08dcd4cb1dc50744496844fefcdee385344d85  LTCBNB-aggTrades-2018-01.zip
TNBBTC-aggTrades-2018-01,e4a1b154f2e817abc586c2e0eb3631336d96ef50a6b19a4c56a9de0a78e7ace2  TNBBTC-aggTrades-2018-01.zip,28592fd09a60f1a5215f97f555284e04af23c6fd0e03cdb44a4932257e882d5a  TNBBTC-aggTrades-2018-01.zip
TNBETH-aggTrades-2018-01,01eb3c73bc24628ac0a5c51fa8bb7a8dc7cc9475f08b50708943ede45b601b1c  TNBETH-aggTrades-2018-01.zip,8926af01f30eb61c8b110ef62234d943a44bb9624c81cbc16c05c275a9503eb9  TNBETH-aggTrades-2018-01.zip
WAVESBTC-aggTrades-2018-01,5c98ec1be60d9e919b60fe4c0bace097347351416071638d0fb9ee8febc7bf39  WAVESBTC-aggTrades-2018-01.zip,b608be91c14aca0492adf9585870d09c6d308201410b1c31eb9154caaa4e671f  WAVESBTC-aggTrades-2018-01.zip
WAVESETH-aggTrades-2018-01,8215425f89daf3ad76a550717ab87dc546bef5ecbaa9226c50aca93922799e80  WAVESETH-aggTrades-2018-01.zip,2cfab5d69befc9393c0eed24ce2ae4e6aa16227a983930201d6bfdea437f1abb  WAVESETH-aggTrades-2018-01.zip
GTOBTC-aggTrades-2018-01,f13b26cb34f1529a61c28ac7f7add17aa4d357db6de49562107d13c41572949b  GTOBTC-aggTrades-2018-01.zip,83be2323fd0ddd2516fad00ad4b929f34da5e37a314aa74760f5cd6a197f64d0  GTOBTC-aggTrades-2018-01.zip
ICXBTC-aggTrades-2018-01,fc15e4d2dc9fb9f66af1033afa2a1b8aae6e08f9f6507e59ad4f65e1bc9fa4ac  ICXBTC-aggTrades-2018-01.zip,6bf03aba2cd1ce71f467c3a78890562d0592e6b6811739487cf4d0cccacab197  ICXBTC-aggTrades-2018-01.zip
ICXETH-aggTrades-2018-01,c88fe4bd60ae8f719daa688c9a551d8b4d5687fcc3a581b52209c40f6af75430  ICXETH-aggTrades-2018-01.zip,1b40620f559b360c897e7c4bb79ab32567f7da90085d07a422497bddb13b7f29  ICXETH-aggTrades-2018-01.zip
OSTETH-aggTrades-2018-01,29f61c15b1969239133f5e30746fa67b867f0d80121af3bb94b2eeedac8a509b  OSTETH-aggTrades-2018-01.zip,bb2a29c0559d6fd0e1948d69de7fd2d1bd14a6d2e09ebff601726a15a6f29dc8  OSTETH-aggTrades-2018-01.zip
ELFBTC-aggTrades-2018-01,82151be85a16ac2829135519df2df1a2275db9f78bfec1def3621872e2073ab5  ELFBTC-aggTrades-2018-01.zip,e40cc798afc9d8c99e2e91a0c323a11149feffd8ec674c0cf6aec40d95f527ad  ELFBTC-aggTrades-2018-01.zip
AIONBTC-aggTrades-2018-01,1c7e02f9dc1a36880b1e1700206c7e499c2e8279f581eb56dd9aca96365cb9b5  AIONBTC-aggTrades-2018-01.zip,a24d6b9d54d05097289ccc9fe12641de4bd3c8c8cf6be29cfd6fd81ef55e0afa  AIONBTC-aggTrades-2018-01.zip
AIONETH-aggTrades-2018-01,3d70a2c1f0f1e9a3d5517c455de17f7769604a295f0e4fe6100ce2be58bfa575  AIONETH-aggTrades-2018-01.zip,5ba4ca6db25738726338ae6011e9c9e34ce80d861a9c998d182d8cacdd895d64  AIONETH-aggTrades-2018-01.zip
NEBLBTC-aggTrades-2018-01,eb20e71a444e8d34920f526ec753580d49a29e1f27ddd18cfa97417dfa814e12  NEBLBTC-aggTrades-2018-01.zip,43bcc6142e98a77c40e0c22e085b2b735b53f54980e14715a49c4a29a6f1af98  NEBLBTC-aggTrades-2018-01.zip
BRDBTC-aggTrades-2018-01,80b827934846c94e26d87e039ce2627e2c0f85c579c51d9f20cfca611a267dfb  BRDBTC-aggTrades-2018-01.zip,fe98406fe1d7b543f91bd261109b64ddeb75ab64930a103390caeb14ffd08496  BRDBTC-aggTrades-2018-01.zip
EDOBTC-aggTrades-2018-01,a8bc4547f9d97f514cea59ab8f9f0d4c75da161f38775b3be647c4c635fa08e7  EDOBTC-aggTrades-2018-01.zip,84b5c87784961396ff3e8a46fa3b67f398b4dbad2360043275c7c5254e7266bd  EDOBTC-aggTrades-2018-01.zip
WINGSBTC-aggTrades-2018-01,573d9d713874e6749b4acef2f63ae874db0aea5ce9ac0634ed4f79ba5dbb58d4  WINGSBTC-aggTrades-2018-01.zip,96b56e0eb94e2d9714db451043f4033fd6ab65afad40ba9d214407129b08f8e9  WINGSBTC-aggTrades-2018-01.zip
NAVETH-aggTrades-2018-01,183c308edef8c8284d7b1cae4ee8a15d9d165f87b505a4dba380b506bb74b745  NAVETH-aggTrades-2018-01.zip,a09ed07a4add72b1418c5b7de6fe5809b6f73f7093edee7c9ecbf07d4c0932ca  NAVETH-aggTrades-2018-01.zip
LUNETH-aggTrades-2018-01,35dfba5d5ba443155bdb77a064cb1a36a6048e48992bba993015f569465f71a4  LUNETH-aggTrades-2018-01.zip,2a8aaaf149aabefb908292fb4543ecd91f23f8b3d11b1d6ac9474be466aa592b  LUNETH-aggTrades-2018-01.zip
TRIGBTC-aggTrades-2018-01,d4853cd8ebe9d290b48ff7afde0e6e6b7f381cf90f3c6d04bbcb1b4f0f76ac7f  TRIGBTC-aggTrades-2018-01.zip,16641d5b0b7198682e3c0fb2def239bd270b39a74b799ef97239b29ba7fb6652  TRIGBTC-aggTrades-2018-01.zip
VIBEBTC-aggTrades-2018-01,70bc3858ae8e3eb6d1c72d5f82e6701a98579ea44c5ab12620a9a5bb055e5e7f  VIBEBTC-aggTrades-2018-01.zip,b7217dd4df99cc2e7be282be57c82ac49fd9d9b2170a8af7138e02e2f9530aaf  VIBEBTC-aggTrades-2018-01.zip
RLCBTC-aggTrades-2018-01,3be3ee9a06c663e104d86670d40e70ba3137180355f0eb29b069c36124c7da1d  RLCBTC-aggTrades-2018-01.zip,1412e3a24c24f2e181670681a3e82141d3f33171f66477587c94d29ff1f83dd4  RLCBTC-aggTrades-2018-01.zip
NCASHBTC-aggTrades-2018-03.zip,c59201380b8819ea51990879a1bf829309f50eaef46e53e04a70d77ef349a8ed  NCASHBTC-aggTrades-2018-03.zip,9fb9486d91936aa7dd60b07aaac540b36d5223d5f662806e9878ed1256c4d74f  NCASHBTC-aggTrades-2018-03.zip